MARQUE_MODELE;ANNEE;CAF_XOF;COTE_EUR_IMPLICITE;PLANCHER;CATEGORIE_TAUX;TAUX_MARGINAL;DROITS_IM4_XOF_depuis_fev2025;NB_DECLARATIONS;FIABILITE_CAF_%
LEXUS RX 330;2004;1500001;;OUI;A_TOURISME_13CV_PLUS;0.40208;701720;271;74
TOYOTA HIGHLANDER;2004;1500001;;OUI;A_TOURISME_13CV_PLUS;0.40208;701720;189;67
TOYOTA HIGHLANDER;2005;2148066;3274;;A_TOURISME_13CV_PLUS;0.40208;962294;186;37
LEXUS RX330;2004;1500001;;OUI;A_TOURISME_13CV_PLUS;0.40208;701720;150;57
LEXUS RX 330;2005;1500001;;OUI;A_TOURISME_13CV_PLUS;0.40208;701720;141;61
TOYOTA HIGHLANDER;2008;4470165;6814;;A_TOURISME_13CV_PLUS;0.40208;1895964;110;56
TOYOTA YARIS;2007;1523592;2322;;B_TOURISME_STANDARD;0.31598;580025;100;28
TOYOTA AVENSIS;2004;1500001;;OUI;B_TOURISME_STANDARD;0.31598;572570;94;76
TOYOTA HIGHLANDER;2006;2922099;4454;;A_TOURISME_13CV_PLUS;0.40208;1273518;94;38
HYUNDAI TUCSON;2011;3420629;5214;;A_TOURISME_13CV_PLUS;0.40208;1473967;90;58
TOYOTA AVENSIS;2005;1500001;;OUI;B_TOURISME_STANDARD;0.31598;572570;86;65
TOYOTA AVENSIS;1999;1500001;;OUI;B_TOURISME_STANDARD;0.31598;572570;84;57
TOYOTA MATRIX;2009;2551482;3889;;B_TOURISME_STANDARD;0.31598;904817;83;37
TOYOTA COROLLA;2003;1500001;;OUI;B_TOURISME_STANDARD;0.31598;572570;81;74
TOYOTA CAMRY;2007;2058856;3138;;A_TOURISME_13CV_PLUS;0.40208;926425;79;41
TOYOTA COROLLA VERSO;2005;1500001;;OUI;B_TOURISME_STANDARD;0.31598;572570;78;68
TOYOTA RAV 4;2007;2840760;4330;;A_TOURISME_13CV_PLUS;0.40208;1240813;75;57
TOYOTA YARIS;2008;1500001;;OUI;B_TOURISME_STANDARD;0.31598;572570;70;31
LEXUS RX330;2005;1500001;;OUI;A_TOURISME_13CV_PLUS;0.40208;701720;69;55
NISSAN ALMERA TINO;2005;1500001;;OUI;B_TOURISME_STANDARD;0.31598;572570;69;61
TOYOTA HIGHLANDER;2003;1500001;;OUI;A_TOURISME_13CV_PLUS;0.40208;701720;69;64
TOYOTA AVENSIS;1998;1500001;;OUI;B_TOURISME_STANDARD;0.31598;572570;68;59
TOYOTA RAV 4;2006;2280570;3476;;A_TOURISME_13CV_PLUS;0.40208;1015572;68;31
HYUNDAI SANTA FE;2013;4994933;7614;;A_TOURISME_13CV_PLUS;0.40208;2106963;67;43
TOYOTA AVENSIS;2000;1500001;;OUI;B_TOURISME_STANDARD;0.31598;572570;67;64
TOYOTA MATRIX;2006;1500001;;OUI;B_TOURISME_STANDARD;0.31598;572570;66;26
NISSAN ALMERA TINO;2004;1500001;;OUI;B_TOURISME_STANDARD;0.31598;572570;63;68
HYUNDAI TUCSON;2012;3807645;5804;;A_TOURISME_13CV_PLUS;0.40208;1629578;60;48
TOYOTA COROLLA;2005;1500001;;OUI;B_TOURISME_STANDARD;0.31598;572570;60;78
TOYOTA COROLLA VERSO;2004;1500001;;OUI;B_TOURISME_STANDARD;0.31598;572570;60;82
TOYOTA COROLLA VERSO;2006;1500001;;OUI;B_TOURISME_STANDARD;0.31598;572570;59;64
TOYOTA AVENSIS;2003;1500001;;OUI;B_TOURISME_STANDARD;0.31598;572570;57;63
TOYOTA MATRIX;2010;2941778;4484;;B_TOURISME_STANDARD;0.31598;1028143;57;23
KIA SORENTO;2011;3866681;5894;;A_TOURISME_13CV_PLUS;0.40208;1653315;56;29
KIA SPORTAGE;2011;3463266;5279;;A_TOURISME_13CV_PLUS;0.40208;1491110;53;40
HYUNDAI TUCSON;2010;2804026;4274;;A_TOURISME_13CV_PLUS;0.40208;1226043;52;44
TOYOTA AVENSIS;2006;1500001;;OUI;B_TOURISME_STANDARD;0.31598;572570;52;73
TOYOTA YARIS;2006;1500001;;OUI;B_TOURISME_STANDARD;0.31598;572570;51;76
TOYOTA COROLLA;2004;1500001;;OUI;B_TOURISME_STANDARD;0.31598;572570;48;71
TOYOTA HIGHLANDER;2002;1500001;;OUI;A_TOURISME_13CV_PLUS;0.40208;701720;48;69
TOYOTA RAV 4;2008;3400950;5184;;A_TOURISME_13CV_PLUS;0.40208;1466054;48;52
TOYOTA COROLLA;2006;1500001;;OUI;B_TOURISME_STANDARD;0.31598;572570;46;41
LEXUS RX 330;2006;2364533;3604;;A_TOURISME_13CV_PLUS;0.40208;1049331;45;58
TOYOTA YARIS;2009;1823366;2779;;B_TOURISME_STANDARD;0.31598;674747;45;31
TOYOTA MATRIX;2005;1500001;;OUI;B_TOURISME_STANDARD;0.31598;572570;44;80
TOYOTA RAV 4;2010;4220900;6434;;A_TOURISME_13CV_PLUS;0.40208;1795739;44;41
TOYOTA RAV 4;2013;5749287;8764;;A_TOURISME_13CV_PLUS;0.40208;2410273;44;34
HYUNDAI TUCSON;2013;4102827;6254;;A_TOURISME_13CV_PLUS;0.40208;1748265;42;55
VOLKSWAGEN PASSAT;1996;1500001;;OUI;B_TOURISME_STANDARD;0.31598;572570;42;81
TOYOTA RAV 4;2005;1500001;;OUI;B_TOURISME_STANDARD;0.31598;572570;40;30
LEXUS RX 350;2010;6372449;9714;;A_TOURISME_13CV_PLUS;0.40208;2660834;39;49
TOYOTA COROLLA;2009;2758109;4204;;B_TOURISME_STANDARD;0.31598;970107;39;28
TOYOTA CAMRY;2011;2764669;4214;;A_TOURISME_13CV_PLUS;0.40208;1210218;38;29
TOYOTA COROLLA VERSO;2008;1949740;2972;;B_TOURISME_STANDARD;0.31598;714679;38;34
TOYOTA HIGHLANDER;2007;3696132;5634;;A_TOURISME_13CV_PLUS;0.40208;1584741;38;47
LEXUS RX330;2006;2364533;3604;;A_TOURISME_13CV_PLUS;0.40208;1049331;37;49
TOYOTA RAV 4;2009;4063469;6194;;A_TOURISME_13CV_PLUS;0.40208;1732440;37;35
TOYOTA COROLLA;2010;2636756;4019;;B_TOURISME_STANDARD;0.31598;931762;35;14
KIA SORENTO;2012;4296335;6549;;A_TOURISME_13CV_PLUS;0.40208;1826070;34;35
TOYOTA HIGHLANDER;2011;7946753;12114;;A_TOURISME_13CV_PLUS;0.40208;3293830;34;29
TOYOTA RAV 4;2002;1500001;;OUI;B_TOURISME_STANDARD;0.31598;572570;34;71
TOYOTA VENZA;2009;4063469;6194;;A_TOURISME_13CV_PLUS;0.40208;1732440;34;41
TOYOTA COROLLA VERSO;2007;1619792;2469;;B_TOURISME_STANDARD;0.31598;610422;32;28
HYUNDAI TUCSON;2016;6733227;10264;;B_TOURISME_STANDARD;0.31598;2226165;31;55
TOYOTA AVENSIS;2002;1500001;;OUI;B_TOURISME_STANDARD;0.31598;572570;31;55
TOYOTA RAV 4;2004;1500001;;OUI;A_TOURISME_13CV_PLUS;0.40208;701720;31;81
KIA SPORTAGE;2012;3715811;5664;;A_TOURISME_13CV_PLUS;0.40208;1592653;30;63
NISSAN ALMERA TINO;2003;1500001;;OUI;B_TOURISME_STANDARD;0.31598;572570;30;67
TOYOTA CAMRY;2010;2738430;4174;;A_TOURISME_13CV_PLUS;0.40208;1199668;30;43
TOYOTA HIGHLANDER;2012;8045147;12264;;A_TOURISME_13CV_PLUS;0.40208;3333393;30;33
TOYOTA RAV4;2006;2280570;3476;;A_TOURISME_13CV_PLUS;0.40208;1015572;30;50
TOYOTA COROLLA;2014;4010993;6114;;B_TOURISME_STANDARD;0.31598;1365994;29;31
TOYOTA RAV 4;2003;1500001;;OUI;B_TOURISME_STANDARD;0.31598;572570;29;76
HYUNDAI SANTA FE;2014;5634494;8589;;A_TOURISME_13CV_PLUS;0.40208;2364117;28;46
TOYOTA CAMRY;2012;3584619;5464;;A_TOURISME_13CV_PLUS;0.40208;1539904;28;32
TOYOTA COROLLA;2007;2019498;3078;;B_TOURISME_STANDARD;0.31598;736721;27;30
TOYOTA MATRIX;2007;1904049;2902;;B_TOURISME_STANDARD;0.31598;700241;27;15
TOYOTA RAV4;2007;2840760;4330;;A_TOURISME_13CV_PLUS;0.40208;1240813;27;44
TOYOTA YARIS;2004;1500001;;OUI;B_TOURISME_STANDARD;0.31598;572570;27;67
TOYOTA YARIS;2010;2108709;3214;;B_TOURISME_STANDARD;0.31598;764910;26;35
LEXUS RX350;2010;6372449;9714;;A_TOURISME_13CV_PLUS;0.40208;2660834;25;32
TOYOTA CAMRY;2008;2423569;3694;;A_TOURISME_13CV_PLUS;0.40208;1073069;25;28
TOYOTA HIGHLANDER;2009;6060868;9239;;A_TOURISME_13CV_PLUS;0.40208;2535554;25;40
TOYOTA HIGHLANDER;2010;6716828;10239;;A_TOURISME_13CV_PLUS;0.40208;2799302;25;60
TOYOTA RAV4;2013;5749287;8764;;A_TOURISME_13CV_PLUS;0.40208;2410273;25;68
TOYOTA AURIS;2007;1690636;2577;;B_TOURISME_STANDARD;0.31598;632807;24;38
TOYOTA AVENSIS;2007;1719498;2621;;B_TOURISME_STANDARD;0.31598;641927;24;42
TOYOTA AVENSIS VERSO;2002;1500001;;OUI;B_TOURISME_STANDARD;0.31598;572570;24;83
KIA SPORTAGE;2013;4109387;6264;;A_TOURISME_13CV_PLUS;0.40208;1750902;23;78
LEXUS RX 350;2007;3246799;4949;;A_TOURISME_13CV_PLUS;0.40208;1404073;23;65
TOYOTA CAMRY;2009;3086089;4704;;A_TOURISME_13CV_PLUS;0.40208;1339455;23;39
TOYOTA COROLLA VERSO;2003;1500001;;OUI;B_TOURISME_STANDARD;0.31598;572570;23;61
PONTIAC VIBE;2006;1589844;2423;;B_TOURISME_STANDARD;0.31598;600959;22;23
PONTIAC VIBE;2009;2551482;3889;;B_TOURISME_STANDARD;0.31598;904817;22;45
TOYOTA RAV 4;2001;1500001;;OUI;B_TOURISME_STANDARD;0.31598;572570;22;77
TOYOTA RAV 4;2014;5995272;9139;;A_TOURISME_13CV_PLUS;0.40208;2509179;22;45
TOYOTA RAV4;2008;3400950;5184;;A_TOURISME_13CV_PLUS;0.40208;1466054;22;36
TOYOTA RAV4;2009;4063469;6194;;A_TOURISME_13CV_PLUS;0.40208;1732440;22;41
TOYOTA COROLLA;2011;2656435;4049;;B_TOURISME_STANDARD;0.31598;937980;21;29
TOYOTA COROLLA;2013;3400949;5184;;B_TOURISME_STANDARD;0.31598;1173232;21;38
TOYOTA MATRIX;2008;2249740;3429;;B_TOURISME_STANDARD;0.31598;809473;21;33
TOYOTA RAV4;2005;1720380;2622;;A_TOURISME_13CV_PLUS;0.40208;790330;21;57
TOYOTA YARIS;2005;1500001;;OUI;B_TOURISME_STANDARD;0.31598;572570;21;71
VOLKSWAGEN PASSAT;1995;1500001;;OUI;B_TOURISME_STANDARD;0.31598;572570;21;76
HONDA JAZZ;2006;1500001;;OUI;B_TOURISME_STANDARD;0.31598;572570;20;50
LEXUS RX 350;2008;4129065;6294;;A_TOURISME_13CV_PLUS;0.40208;1758814;20;40
TOYOTA AVENSIS VERSO;2003;1500001;;OUI;B_TOURISME_STANDARD;0.31598;572570;20;80
MERCEDES BENZ ML350;2013;7553177;11514;;A_TOURISME_13CV_PLUS;0.40208;3135581;19;63
PONTIAC VIBE;2007;1919792;2926;;B_TOURISME_STANDARD;0.31598;705216;19;47
TOYOTA AVENSIS;2001;1500001;;OUI;B_TOURISME_STANDARD;0.31598;572570;19;58
TOYOTA AVENSIS VERSO;2004;1500001;;OUI;B_TOURISME_STANDARD;0.31598;572570;19;58
TOYOTA CARINA;1997;1500001;;OUI;B_TOURISME_STANDARD;0.31598;572570;19;58
TOYOTA VENZA;2010;4220900;6434;;A_TOURISME_13CV_PLUS;0.40208;1795739;19;47
TOYOTA YARIS;2003;1500001;;OUI;B_TOURISME_STANDARD;0.31598;572570;19;74
HONDA JAZZ;2005;1500001;;OUI;B_TOURISME_STANDARD;0.31598;572570;18;39
HYUNDAI TUCSON;2014;4732549;7214;;A_TOURISME_13CV_PLUS;0.40208;2001463;18;61
MERCEDES BENZ ML350;2012;6749626;10289;;A_TOURISME_13CV_PLUS;0.40208;2812490;18;33
TOYOTA HIGHLANDER;2013;8963491;13664;;A_TOURISME_13CV_PLUS;0.40208;3702640;18;44
HONDA CR V;2008;2932594;4470;;A_TOURISME_13CV_PLUS;0.40208;1277737;17;47
HONDA JAZZ;2004;1500001;;OUI;B_TOURISME_STANDARD;0.31598;572570;17;65
KIA SORENTO;2013;5076928;7739;;A_TOURISME_13CV_PLUS;0.40208;2139931;17;53
NISSAN ALMERA TINO;2006;1500001;;OUI;B_TOURISME_STANDARD;0.31598;572570;17;71
NISSAN PRIMERA;2002;1500001;;OUI;B_TOURISME_STANDARD;0.31598;572570;17;65
OPEL ASTRA;1999;1500001;;OUI;B_TOURISME_STANDARD;0.31598;572570;17;76
TOYOTA COROLLA;2002;1500001;;OUI;B_TOURISME_STANDARD;0.31598;572570;17;76
TOYOTA COROLLA VERSO;2002;1500001;;OUI;B_TOURISME_STANDARD;0.31598;572570;17;59
LEXUS RX350;2008;4129065;6294;;A_TOURISME_13CV_PLUS;0.40208;1758814;16;44
PONTIAC VIBE;2004;1500001;;OUI;B_TOURISME_STANDARD;0.31598;572570;16;69
RENAULT TRUCK;1994;2500001;;OUI;D_TRACTEUR_ROUTIER;0.19208;578800;16;75
TOYOTA AURIS;2008;2038295;3107;;B_TOURISME_STANDARD;0.31598;742660;16;56
TOYOTA COROLLA VERSO;2009;2251482;3432;;B_TOURISME_STANDARD;0.31598;810023;16;38
TOYOTA HIGHLANDER;2001;1500001;;OUI;A_TOURISME_13CV_PLUS;0.40208;701720;16;75
TOYOTA MATRIX;2003;1500001;;OUI;B_TOURISME_STANDARD;0.31598;572570;16;88
TOYOTA RAV4;2004;1500001;;OUI;A_TOURISME_13CV_PLUS;0.40208;701720;16;75
VOLKSWAGEN PASSAT;1994;1500001;;OUI;B_TOURISME_STANDARD;0.31598;572570;16;62
HYUNDAI TUCSON;2005;1500001;;OUI;B_TOURISME_STANDARD;0.31598;572570;15;47
HYUNDAI TUCSON;2007;2058856;3138;;B_TOURISME_STANDARD;0.31598;749157;15;47
NISSAN PRIMERA;2005;1500001;;OUI;B_TOURISME_STANDARD;0.31598;572570;15;87
PONTIAC VIBE;2003;1500001;;OUI;B_TOURISME_STANDARD;0.31598;572570;15;73
TOYOTA CAMRY;2005;1500001;;OUI;A_TOURISME_13CV_PLUS;0.40208;701720;15;80
TOYOTA RAV4;2010;4220900;6434;;A_TOURISME_13CV_PLUS;0.40208;1795739;15;53
TOYOTA VENZA;2011;4912938;7489;;A_TOURISME_13CV_PLUS;0.40208;2073994;15;60
TOYOTA YARIS;2001;1500001;;OUI;B_TOURISME_STANDARD;0.31598;572570;15;67
HYUNDAI SANTA FE;2010;3273038;4989;;A_TOURISME_13CV_PLUS;0.40208;1414623;14;50
HYUNDAI TUCSON;2006;1500001;;OUI;B_TOURISME_STANDARD;0.31598;572570;14;36
TOYOTA COROLLA;2012;3148405;4799;;B_TOURISME_STANDARD;0.31598;1093433;14;21
TOYOTA MATRIX;2004;1500001;;OUI;B_TOURISME_STANDARD;0.31598;572570;14;93
TOYOTA RAV4;2015;6880818;10489;;A_TOURISME_13CV_PLUS;0.40208;2865239;14;43
HONDA JAZZ;2003;1500001;;OUI;B_TOURISME_STANDARD;0.31598;572570;13;69
LEXUS RX350;2011;7126803;10864;;A_TOURISME_13CV_PLUS;0.40208;2964145;13;38
NISSAN ALMERA;2003;1500001;;OUI;B_TOURISME_STANDARD;0.31598;572570;13;69
NISSAN QASHQAI;2007;2199661;3353;;B_TOURISME_STANDARD;0.31598;793649;13;62
RENAULT TRUCK;1989;2500001;;OUI;C_CAMION_BUS;0.23338;682050;13;62
TOYOTA CAMRY;2004;1500001;;OUI;A_TOURISME_13CV_PLUS;0.40208;701720;13;77
TOYOTA COROLLA;2015;4912938;7489;;B_TOURISME_STANDARD;0.31598;1650990;13;23
TOYOTA HIGHLANDER;2014;8865099;13514;;A_TOURISME_13CV_PLUS;0.40208;3663079;13;31
TOYOTA RAV 4;2011;4912938;7489;;A_TOURISME_13CV_PLUS;0.40208;2073994;13;46
TOYOTA RAV 4;2015;6880818;10489;;A_TOURISME_13CV_PLUS;0.40208;2865239;13;38
TOYOTA SIENNA;2004;1500001;;OUI;A_TOURISME_13CV_PLUS;0.40208;701720;13;77
HONDA JAZZ;2002;1500001;;OUI;B_TOURISME_STANDARD;0.31598;572570;12;67
HYUNDAI TUCSON;2008;2423569;3694;;B_TOURISME_STANDARD;0.31598;864399;12;42
MAZDA 3;2005;1500001;;OUI;B_TOURISME_STANDARD;0.31598;572570;12;83
NISSAN JUKE;2012;3322235;5064;;B_TOURISME_STANDARD;0.31598;1148360;12;25
NISSAN PRIMERA;2003;1500001;;OUI;B_TOURISME_STANDARD;0.31598;572570;12;92
TOYOTA AURIS;2009;2261320;3447;;B_TOURISME_STANDARD;0.31598;813132;12;42
TOYOTA CAMRY;2003;1500001;;OUI;A_TOURISME_13CV_PLUS;0.40208;701720;12;92
TOYOTA RAV 4;2012;4683352;7139;;A_TOURISME_13CV_PLUS;0.40208;1981682;12;42
TOYOTA YARIS;2000;1500001;;OUI;B_TOURISME_STANDARD;0.31598;572570;12;92
TOYOTA YARIS;2002;1500001;;OUI;B_TOURISME_STANDARD;0.31598;572570;12;50
TOYOTA YARIS;2011;2380932;3629;;B_TOURISME_STANDARD;0.31598;850927;12;25
HONDA CR V;2007;2190048;3338;;A_TOURISME_13CV_PLUS;0.40208;979174;11;36
HYUNDAI ELANTRA;2013;3368154;5134;;B_TOURISME_STANDARD;0.31598;1162869;11;18
HYUNDAI TUCSON;2009;2600679;3964;;B_TOURISME_STANDARD;0.31598;920363;11;45
KIA SPORTAGE;2017;7225197;11014;;A_TOURISME_13CV_PLUS;0.40208;3003707;11;73
LEXUS RX 350;2011;7126803;10864;;A_TOURISME_13CV_PLUS;0.40208;2964145;11;64
LEXUS RX350;2007;3246799;4949;;A_TOURISME_13CV_PLUS;0.40208;1404073;11;36
MAZDA 626;1999;1500001;;OUI;B_TOURISME_STANDARD;0.31598;572570;11;55
NISSAN ALMERA;2005;1500001;;OUI;B_TOURISME_STANDARD;0.31598;572570;11;45
NISSAN ALMERA TINO;2002;1500001;;OUI;B_TOURISME_STANDARD;0.31598;572570;11;55
OPEL ASTRA;1998;1500001;;OUI;B_TOURISME_STANDARD;0.31598;572570;11;73
OPEL ZAFIRA;2003;1500001;;OUI;B_TOURISME_STANDARD;0.31598;572570;11;73
PONTIAC VIBE;2005;1500001;;OUI;B_TOURISME_STANDARD;0.31598;572570;11;82
RENAULT TRUCK;1999;2500001;;OUI;D_TRACTEUR_ROUTIER;0.19208;578800;11;45
TOYOTA AVENSIS;2008;2074373;3162;;B_TOURISME_STANDARD;0.31598;754060;11;18
TOYOTA HIGHLANDER;2015;12341685;18814;;A_TOURISME_13CV_PLUS;0.40208;5060945;11;55
TOYOTA VENZA;2013;5749287;8764;;A_TOURISME_13CV_PLUS;0.40208;2410273;11;36
TOYOTA YARIS VERSO;2000;1500001;;OUI;B_TOURISME_STANDARD;0.31598;572570;11;82
HYUNDAI TUCSON;2015;5798484;8839;;A_TOURISME_13CV_PLUS;0.40208;2430054;10;30
HYUNDAI TUCSON;2017;7717167;11764;;B_TOURISME_STANDARD;0.31598;2537070;10;40
MAZDA 6;2004;1500001;;OUI;B_TOURISME_STANDARD;0.31598;572570;10;70
NISSAN JUKE;2011;3027052;4614;;B_TOURISME_STANDARD;0.31598;1055088;10;20
NISSAN PRIMERA;2001;1500001;;OUI;B_TOURISME_STANDARD;0.31598;572570;10;100
NISSAN PRIMERA;2004;1500001;;OUI;B_TOURISME_STANDARD;0.31598;572570;10;60
NISSAN QASHQAI;2009;2750011;4192;;B_TOURISME_STANDARD;0.31598;967548;10;40
OPEL ASTRA;2000;1500001;;OUI;B_TOURISME_STANDARD;0.31598;572570;10;50
RENAULT TRUCK;1990;2500001;;OUI;C_CAMION_BUS;0.23338;682050;10;90
RENAULT TRUCK;1995;2500001;;OUI;C_CAMION_BUS;0.23338;682050;10;60
RENAULT TRUCK;2005;2500000;;OUI;D_TRACTEUR_ROUTIER;0.19208;578800;10;40
TOYOTA PREVIA;2001;1500001;;OUI;A_TOURISME_13CV_PLUS;0.40208;701720;10;60
HYUNDAI SONATA;2011;2659715;4054;;A_TOURISME_13CV_PLUS;0.40208;1168018;9;44
MAZDA 3;2007;1500001;;OUI;B_TOURISME_STANDARD;0.31598;572570;9;67
MERCEDES GLK 350;2013;5519701;8414;;A_TOURISME_13CV_PLUS;0.40208;2317961;9;33
NISSAN ALMERA;2002;1500000;;OUI;B_TOURISME_STANDARD;0.31598;572570;9;78
NISSAN ROGUE;2009;2863063;4364;;A_TOURISME_13CV_PLUS;0.40208;1249780;9;22
NISSAN ROGUE;2011;3338633;5089;;A_TOURISME_13CV_PLUS;0.40208;1440998;9;33
NISSAN X TRAIL;2003;1500001;;OUI;B_TOURISME_STANDARD;0.31598;572570;9;67
PONTIAC VIBE;2008;2249740;3429;;B_TOURISME_STANDARD;0.31598;809473;9;56
RENAULT TRUCK;1998;2500001;;OUI;D_TRACTEUR_ROUTIER;0.19208;578800;9;67
RENAULT TRUCK;2002;2500000;;OUI;D_TRACTEUR_ROUTIER;0.19208;578800;9;56
SCANIA TRUCK;1995;2500000;;OUI;D_TRACTEUR_ROUTIER;0.19208;578800;9;67
SCANIA TRUCK;1996;2500000;;OUI;D_TRACTEUR_ROUTIER;0.19208;578800;9;44
TOYOTA COROLLA;2008;2374372;3619;;B_TOURISME_STANDARD;0.31598;848854;9;11
TOYOTA RAV4;2002;1500001;;OUI;B_TOURISME_STANDARD;0.31598;572570;9;78
TOYOTA RAV4;2014;5995272;9139;;A_TOURISME_13CV_PLUS;0.40208;2509179;9;67
TOYOTA SIENNA;2005;1500001;;OUI;A_TOURISME_13CV_PLUS;0.40208;701720;9;44
CITROEN C25;1989;1500001;;OUI;C_CAMION_BUS;0.23338;448670;8;88
CITROEN C25;1992;1500003;;OUI;C_CAMION_BUS;0.23338;448671;8;38
CITROEN C25;1993;1500001;;OUI;C_CAMION_BUS;0.23338;448670;8;88
HYUNDAI SANTA FE;2009;2613798;3984;;A_TOURISME_13CV_PLUS;0.40208;1149556;8;25
KIA SORENTO;2014;5814883;8864;;A_TOURISME_13CV_PLUS;0.40208;2436648;8;75
KIA SPORTAGE;2014;4420968;6739;;A_TOURISME_13CV_PLUS;0.40208;1876183;8;38
MAZDA 3;2003;1500001;;OUI;B_TOURISME_STANDARD;0.31598;572570;8;100
MERCEDES BENZ ML350;2014;8930693;13614;;A_TOURISME_13CV_PLUS;0.40208;3689453;8;38
MERCEDES GLK 350;2010;3643655;5554;;A_TOURISME_13CV_PLUS;0.40208;1563641;8;38
NISSAN ALMERA;2004;1500001;;OUI;B_TOURISME_STANDARD;0.31598;572570;8;62
NISSAN JUKE;2013;3587898;5469;;B_TOURISME_STANDARD;0.31598;1232304;8;25
PEUGEOT J5;1989;1500001;;OUI;C_CAMION_BUS;0.23338;448670;8;75
RENAULT KANGOO;2002;1500001;;OUI;B_TOURISME_STANDARD;0.31598;572570;8;100
RENAULT KANGOO;2004;1500001;;OUI;C_CAMION_BUS;0.23338;448670;8;88
RENAULT TRUCK;1991;2500001;;OUI;D_TRACTEUR_ROUTIER;0.19208;578800;8;62
RENAULT TRUCK;2001;2500001;;OUI;D_TRACTEUR_ROUTIER;0.19208;578800;8;75
RENAULT TRUCK;2003;2500000;;OUI;D_TRACTEUR_ROUTIER;0.19208;578800;8;50
TOYOTA AURIS;2010;2756571;4202;;B_TOURISME_STANDARD;0.31598;969621;8;75
TOYOTA AYGO;2008;1500001;;OUI;B_TOURISME_STANDARD;0.31598;572570;8;62
TOYOTA COROLLA;2017;6585635;10039;;B_TOURISME_STANDARD;0.31598;2179529;8;25
TOYOTA RAV 4;2017;10341007;15764;;A_TOURISME_13CV_PLUS;0.40208;4256512;8;38
TOYOTA RAV4;2003;1500001;;OUI;B_TOURISME_STANDARD;0.31598;572570;8;88
TOYOTA RAV4;2011;4912938;7489;;A_TOURISME_13CV_PLUS;0.40208;2073994;8;38
TOYOTA VERSO;2009;2366275;3607;;B_TOURISME_STANDARD;0.31598;846296;8;25
TOYOTA VERSO;2011;3071432;4682;;B_TOURISME_STANDARD;0.31598;1069111;8;50
TOYOTA YARIS;2012;2482606;3784;;B_TOURISME_STANDARD;0.31598;883054;8;50
HONDA CR V;2013;5372110;8189;;A_TOURISME_13CV_PLUS;0.40208;2258618;7;71
HONDA JAZZ;2007;1500001;;OUI;B_TOURISME_STANDARD;0.31598;572570;7;43
HYUNDAI SANTA FE;2011;3578059;5454;;A_TOURISME_13CV_PLUS;0.40208;1537266;7;43
KIA SPORTAGE;2009;2512124;3829;;B_TOURISME_STANDARD;0.31598;892381;7;57
LEXUS RX350;2013;8996289;13714;;A_TOURISME_13CV_PLUS;0.40208;3715828;7;57
MAZDA 5;2006;1500001;;OUI;B_TOURISME_STANDARD;0.31598;572570;7;71
MAZDA 5;2008;1972698;3007;;B_TOURISME_STANDARD;0.31598;721933;7;57
NISSAN PRIMERA;2000;1500001;;OUI;B_TOURISME_STANDARD;0.31598;572570;7;86
NISSAN ROGUE;2008;2974576;4534;;A_TOURISME_13CV_PLUS;0.40208;1294618;7;43
NISSAN X TRAIL;2005;1566003;2387;;A_TOURISME_13CV_PLUS;0.40208;728258;7;43
OPEL ZAFIRA;2001;1500001;;OUI;B_TOURISME_STANDARD;0.31598;572570;7;43
OPEL ZAFIRA;2002;1500001;;OUI;B_TOURISME_STANDARD;0.31598;572570;7;71
PEUGEOT J5;1987;1500001;;OUI;C_CAMION_BUS;0.23338;448670;7;57
PEUGEOT J5;1990;1500001;;OUI;C_CAMION_BUS;0.23338;448670;7;57
PEUGEOT J9;1989;1500001;;OUI;C_CAMION_BUS;0.23338;448670;7;43
RENAULT TRUCK;1992;2500001;;OUI;D_TRACTEUR_ROUTIER;0.19208;578800;7;43
RENAULT TRUCK;2004;2500001;;OUI;D_TRACTEUR_ROUTIER;0.19208;578800;7;71
TOYOTA CAMRY;2013;3400949;5184;;A_TOURISME_13CV_PLUS;0.40208;1466054;7;57
TOYOTA HIGHLANDER;2017;15916667;24264;;A_TOURISME_13CV_PLUS;0.40208;6498373;7;57
TOYOTA MATRIX;2012;3696132;5634;;B_TOURISME_STANDARD;0.31598;1266504;7;29
TOYOTA MATRIX;2013;4191382;6389;;B_TOURISME_STANDARD;0.31598;1422993;7;43
TOYOTA PREVIA;2005;1500001;;OUI;B_TOURISME_STANDARD;0.31598;572570;7;57
TOYOTA RAV 4;2000;1500001;;OUI;B_TOURISME_STANDARD;0.31598;572570;7;86
TOYOTA RAV 4;2016;8077945;12314;;A_TOURISME_13CV_PLUS;0.40208;3346580;7;43
TOYOTA RAV4;2001;1500001;;OUI;B_TOURISME_STANDARD;0.31598;572570;7;71
TOYOTA SIENNA;2011;3407681;5194;;A_TOURISME_13CV_PLUS;0.40208;1468760;7;29
TOYOTA VENZA;2012;4535761;6914;;A_TOURISME_13CV_PLUS;0.40208;1922339;7;29
TOYOTA YARIS;2013;3259918;4969;;B_TOURISME_STANDARD;0.31598;1128669;7;29
VW PASSAT;1996;1500001;;OUI;B_TOURISME_STANDARD;0.31598;572570;7;57
BMW 318;1999;1500001;;OUI;B_TOURISME_STANDARD;0.31598;572570;6;67
HONDA RIDGELINE;2006;1872565;2854;;C_CAMION_BUS;0.23338;535619;6;17
HYUNDAI ELANTRA;2012;2863062;4364;;B_TOURISME_STANDARD;0.31598;1003270;6;33
HYUNDAI SANTA FE;2007;1926781;2937;;A_TOURISME_13CV_PLUS;0.40208;873320;6;33
HYUNDAI SANTA FE;2015;6815224;10389;;A_TOURISME_13CV_PLUS;0.40208;2838865;6;33
KIA OPTIMA;2013;3387831;5164;;A_TOURISME_13CV_PLUS;0.40208;1460779;6;33
KIA SPORTAGE;2015;5109726;7789;;A_TOURISME_13CV_PLUS;0.40208;2153119;6;33
LEXUS RX 350;2009;5011332;7639;;A_TOURISME_13CV_PLUS;0.40208;2113556;6;83
LEXUS RX300;2004;1500001;;OUI;A_TOURISME_13CV_PLUS;0.40208;701720;6;50
MAZDA 3;2006;1500001;;OUI;B_TOURISME_STANDARD;0.31598;572570;6;83
MAZDA PREMACY;2004;1500001;;OUI;B_TOURISME_STANDARD;0.31598;572570;6;100
MERCEDES GLA 250;2015;9357067;14264;;B_TOURISME_STANDARD;0.31598;3055246;6;33
NISSAN PRIMERA;2006;1500001;;OUI;B_TOURISME_STANDARD;0.31598;572570;6;50
NISSAN ROGUE;2010;3184483;4854;;A_TOURISME_13CV_PLUS;0.40208;1379017;6;33
NISSAN ROGUE;2012;3660054;5579;;A_TOURISME_13CV_PLUS;0.40208;1570235;6;33
OPEL ASTRA;2004;1500000;;OUI;B_TOURISME_STANDARD;0.31598;572570;6;50
PEUGEOT J9;1988;1500001;;OUI;C_CAMION_BUS;0.23338;448670;6;83
PEUGEOT J9;1990;1500001;;OUI;C_CAMION_BUS;0.23338;448670;6;83
PONTIAC VIBE;2010;2941778;4484;;B_TOURISME_STANDARD;0.31598;1028143;6;50
RENAULT TRUCK;1997;2500001;;OUI;C_CAMION_BUS;0.23338;682050;6;83
SCANIA TRUCK;1992;2500001;;OUI;D_TRACTEUR_ROUTIER;0.19208;578800;6;33
SCION XD;2008;2374372;3619;;B_TOURISME_STANDARD;0.31598;848854;6;17
TOYOTA AVENSIS VERSO;2005;1500001;;OUI;B_TOURISME_STANDARD;0.31598;572570;6;67
TOYOTA CAMRY;2002;1500001;;OUI;A_TOURISME_13CV_PLUS;0.40208;701720;6;100
TOYOTA CAMRY;2006;1694142;2582;;A_TOURISME_13CV_PLUS;0.40208;779781;6;67
TOYOTA HIGHLANDER;2016;11029767;16814;;A_TOURISME_13CV_PLUS;0.40208;4533449;6;33
TOYOTA PICNIC;2000;1500000;;OUI;B_TOURISME_STANDARD;0.31598;572570;6;50
TOYOTA PREVIA;2000;1500001;;OUI;B_TOURISME_STANDARD;0.31598;572570;6;67
TOYOTA PREVIA;2006;1500001;;OUI;B_TOURISME_STANDARD;0.31598;572570;6;67
TOYOTA RAV4;2016;8077945;12314;;A_TOURISME_13CV_PLUS;0.40208;3346580;6;33
TOYOTA SIENNA;2006;1690206;2576;;A_TOURISME_13CV_PLUS;0.40208;778198;6;33
TOYOTA YARIS VERSO;2002;1500000;;OUI;B_TOURISME_STANDARD;0.31598;572570;6;33
TOYOTA YARIS VERSO;2003;1500001;;OUI;B_TOURISME_STANDARD;0.31598;572570;6;100
VOLKSWAGEN PASSAT;1997;1500001;;OUI;B_TOURISME_STANDARD;0.31598;572570;6;67
BMW 318;2003;1500000;;OUI;B_TOURISME_STANDARD;0.31598;572570;5;60
CITROEN C25;1991;1500001;;OUI;C_CAMION_BUS;0.23338;448670;5;100
HONDA ACCORD;2005;1500001;;OUI;B_TOURISME_STANDARD;0.31598;572570;5;80
HONDA CR V;2009;3250079;4954;;A_TOURISME_13CV_PLUS;0.40208;1405392;5;40
HONDA CR V;2012;4748950;7239;;A_TOURISME_13CV_PLUS;0.40208;2008058;5;20
HONDA JAZZ;2008;1500001;;OUI;B_TOURISME_STANDARD;0.31598;572570;5;80
JEEP WRANGLER;2008;2754829;4199;;A_TOURISME_13CV_PLUS;0.40208;1206262;5;40
KIA SPORTAGE;2008;2594119;3954;;B_TOURISME_STANDARD;0.31598;918290;5;60
LEXUS ES 350;2007;2636756;4019;;A_TOURISME_13CV_PLUS;0.40208;1158787;5;40
LEXUS RX 350;2013;8537117;13014;;A_TOURISME_13CV_PLUS;0.40208;3531204;5;40
LEXUS RX 350;2017;17359781;26464;;A_TOURISME_13CV_PLUS;0.40208;7078621;5;60
LEXUS RX350;2012;7077606;10789;;A_TOURISME_13CV_PLUS;0.40208;2944364;5;40
MAZDA 3;2004;1500001;;OUI;B_TOURISME_STANDARD;0.31598;572570;5;60
MAZDA CX5;2013;5913276;9014;;B_TOURISME_STANDARD;0.31598;1967077;5;40
MERCEDES BENZ GLC300;2017;13194435;20114;;B_TOURISME_STANDARD;0.31598;4267778;5;40
MERCEDES BENZ ML 350;2012;6749628;10289;;A_TOURISME_13CV_PLUS;0.40208;2812490;5;20
MERCEDES BENZ ML350;2015;12407281;18914;;A_TOURISME_13CV_PLUS;0.40208;5087320;5;40
NISSAN ALMERA;2006;1500001;;OUI;B_TOURISME_STANDARD;0.31598;572570;5;60
NISSAN SERENA;1999;1500001;;OUI;B_TOURISME_STANDARD;0.31598;572570;5;100
NISSAN X TRAIL;2004;1500003;;OUI;B_TOURISME_STANDARD;0.31598;572571;5;40
OPEL ASTRA;2001;1500000;;OUI;B_TOURISME_STANDARD;0.31598;572570;5;60
OPEL ZAFIRA;2004;1500001;;OUI;B_TOURISME_STANDARD;0.31598;572570;5;80
PEUGEOT J5;1992;1500001;;OUI;C_CAMION_BUS;0.23338;448670;5;40
PEUGEOT J9;1980;1500001;;OUI;C_CAMION_BUS;0.23338;448670;5;80
PEUGEOT J9;1981;1500000;;OUI;C_CAMION_BUS;0.23338;448670;5;80
PEUGEOT J9;1987;1500001;;OUI;C_CAMION_BUS;0.23338;448670;5;40
PEUGEOT J9;1991;1500001;;OUI;C_CAMION_BUS;0.23338;448670;5;40
RENAULT KANGOO;2003;1500001;;OUI;B_TOURISME_STANDARD;0.31598;572570;5;80
RENAULT MAGNUM;2001;2500000;;OUI;D_TRACTEUR_ROUTIER;0.19208;578800;5;60
RENAULT MAGNUM;2004;2500000;;OUI;D_TRACTEUR_ROUTIER;0.19208;578800;5;40
RENAULT TRUCK;1996;2500001;;OUI;D_TRACTEUR_ROUTIER;0.19208;578800;5;60
SCANIA TRUCK;1994;2500003;;OUI;D_TRACTEUR_ROUTIER;0.19208;578801;5;40
TOYOTA AVENSIS;2010;2336756;3562;;B_TOURISME_STANDARD;0.31598;836968;5;20
TOYOTA AYGO;2006;1500003;;OUI;B_TOURISME_STANDARD;0.31598;572571;5;80
TOYOTA AYGO;2007;1500001;;OUI;B_TOURISME_STANDARD;0.31598;572570;5;80
TOYOTA CAMRY;2014;4273377;6514;;A_TOURISME_13CV_PLUS;0.40208;1816839;5;40
TOYOTA CAMRY;2015;5290115;8064;;A_TOURISME_13CV_PLUS;0.40208;2225649;5;40
TOYOTA COROLLA;2000;1500001;;OUI;B_TOURISME_STANDARD;0.31598;572570;5;100
TOYOTA PICNIC;1997;1500001;;OUI;B_TOURISME_STANDARD;0.31598;572570;5;80
TOYOTA PICNIC;1998;1500000;;OUI;B_TOURISME_STANDARD;0.31598;572570;5;60
TOYOTA RAV 4;1997;1500001;;OUI;B_TOURISME_STANDARD;0.31598;572570;5;80
TOYOTA RAV4;1998;1500001;;OUI;B_TOURISME_STANDARD;0.31598;572570;5;80
TOYOTA SIENNA;2008;3400950;5184;;A_TOURISME_13CV_PLUS;0.40208;1466054;5;80
TOYOTA VERSO;2010;2694255;4107;;B_TOURISME_STANDARD;0.31598;949931;5;40
TOYOTA YARIS;2015;3978195;6064;;B_TOURISME_STANDARD;0.31598;1355630;5;40
BMW 116;2005;1500001;;OUI;B_TOURISME_STANDARD;0.31598;572570;4;75
BMW 316;2000;1500003;;OUI;B_TOURISME_STANDARD;0.31598;572571;4;50
BMW 316;2001;1500001;;OUI;B_TOURISME_STANDARD;0.31598;572570;4;50
CITROEN C25;1988;1500001;;OUI;C_CAMION_BUS;0.23338;448670;4;50
CITROEN C25;1990;1500001;;OUI;C_CAMION_BUS;0.23338;448670;4;75
FORD ESCAPE;2014;5322912;8114;;B_TOURISME_STANDARD;0.31598;1780534;4;50
HONDA ACCORD;2013;4371771;6664;;A_TOURISME_13CV_PLUS;0.40208;1856402;4;100
HONDA CR V;2011;4437367;6764;;A_TOURISME_13CV_PLUS;0.40208;1882777;4;75
HONDA CR V;2014;4568559;6964;;A_TOURISME_13CV_PLUS;0.40208;1935526;4;25
HONDA CR V;2015;6585636;10039;;A_TOURISME_13CV_PLUS;0.40208;2746553;4;75
HYUNDAI SANTA FE;2016;7733566;11789;;A_TOURISME_13CV_PLUS;0.40208;3208112;4;50
HYUNDAI SONATA;2013;3371432;5139;;A_TOURISME_13CV_PLUS;0.40208;1454185;4;25
HYUNDAI SONATA;2015;4289776;6539;;A_TOURISME_13CV_PLUS;0.40208;1823433;4;50
JETOUR T2 PTR A T 05 DOORS AUTRES;2025;18898200;28809;;AUTRE/EXONERE;;;4;50
KIA PICANTO;2006;1500000;;OUI;B_TOURISME_STANDARD;0.31598;572570;4;50
KIA PICANTO;2007;1500001;;OUI;B_TOURISME_STANDARD;0.31598;572570;4;50
KIA SORENTO;2015;7353108;11209;;A_TOURISME_13CV_PLUS;0.40208;3055138;4;25
KIA SORENTO;2016;9029087;13764;;A_TOURISME_13CV_PLUS;0.40208;3729015;4;50
KIA SOUL;2011;2371092;3614;;B_TOURISME_STANDARD;0.31598;847818;4;25
KIA SPORTAGE;2007;1895295;2889;;B_TOURISME_STANDARD;0.31598;697475;4;25
LEXUS RX350;2009;5011331;7639;;A_TOURISME_13CV_PLUS;0.40208;2113556;4;50
MAZDA 5;2007;1638158;2497;;B_TOURISME_STANDARD;0.31598;616225;4;50
MAZDA 6;2003;1500000;;OUI;B_TOURISME_STANDARD;0.31598;572570;4;75
MAZDA E;2000;1500001;;OUI;C_CAMION_BUS;0.23338;448670;4;50
MAZDA PREMACY;2005;1500001;;OUI;B_TOURISME_STANDARD;0.31598;572570;4;100
MERCEDES BENZ GLE 350;2016;14867131;22664;;A_TOURISME_13CV_PLUS;0.40208;6076376;4;50
MERCEDES BENZ ML 350;2010;4552160;6939;;A_TOURISME_13CV_PLUS;0.40208;1928932;4;100
MERCEDES BENZ ML 350;2013;7553177;11514;;A_TOURISME_13CV_PLUS;0.40208;3135581;4;75
MERCEDES BENZ ML 350;2014;8930693;13614;;A_TOURISME_13CV_PLUS;0.40208;3689453;4;50
MERCEDES BENZ ML350;2008;3328961;5074;;A_TOURISME_13CV_PLUS;0.40208;1437109;4;25
MERCEDES GLK 350;2011;5536099;8439;;A_TOURISME_13CV_PLUS;0.40208;2324555;4;25
MERCEDES GLK 350;2012;4830943;7364;;A_TOURISME_13CV_PLUS;0.40208;2041026;4;25
MERCEDES GLK 350;2014;7159601;10914;;A_TOURISME_13CV_PLUS;0.40208;2977332;4;50
MITSUBISHI;2008;1500001;;OUI;B_TOURISME_STANDARD;0.31598;572570;4;100
MITSUBISHI CANTER;2003;2500001;;OUI;C_CAMION_BUS;0.23338;682050;4;50
NEW CAN AM SSV MAV DS AUTRES;2023;15793962;24077;;AUTRE/EXONERE;;;4;75
NISSAN ALMERA;2000;1500001;;OUI;B_TOURISME_STANDARD;0.31598;572570;4;50
NISSAN QASHQAI;2008;2674575;4077;;B_TOURISME_STANDARD;0.31598;943712;4;50
NISSAN QASHQAI;2011;3038634;4632;;B_TOURISME_STANDARD;0.31598;1058748;4;75
NISSAN X TRAIL;2002;1500001;;OUI;B_TOURISME_STANDARD;0.31598;572570;4;75
OPEL ASTRA;2002;1500001;;OUI;B_TOURISME_STANDARD;0.31598;572570;4;100
OPEL ASTRA;2003;1500000;;OUI;B_TOURISME_STANDARD;0.31598;572570;4;50
OPEL VECTRA;2003;1500001;;OUI;B_TOURISME_STANDARD;0.31598;572570;4;75
OPEL ZAFIRA;2000;1500001;;OUI;B_TOURISME_STANDARD;0.31598;572570;4;75
PEUGEOT 3008;2010;2159647;3292;;B_TOURISME_STANDARD;0.31598;781005;4;50
PEUGEOT J5;1991;1500001;;OUI;C_CAMION_BUS;0.23338;448670;4;100
PEUGEOT J9;1982;1500001;;OUI;C_CAMION_BUS;0.23338;448670;4;50
PEUGEOT J9;1983;1500000;;OUI;C_CAMION_BUS;0.23338;448670;4;75
PEUGEOT J9;1986;1500001;;OUI;C_CAMION_BUS;0.23338;448670;4;75
RENAULT MAGNUM;1996;2500001;;OUI;D_TRACTEUR_ROUTIER;0.19208;578800;4;50
RENAULT TRUCK;1987;2500001;;OUI;D_TRACTEUR_ROUTIER;0.19208;578800;4;75
RENAULT TRUCK;1988;2500001;;OUI;C_CAMION_BUS;0.23338;682050;4;75
RENAULT TRUCK;1993;2500001;;OUI;C_CAMION_BUS;0.23338;682050;4;75
RENAULT TRUCK;2000;2500000;;OUI;C_CAMION_BUS;0.23338;682050;4;50
SCANIA TRUCK;1993;2500000;;OUI;D_TRACTEUR_ROUTIER;0.19208;578800;4;50
TOYOTA 4 RUNNER;2003;1500001;;OUI;A_TOURISME_13CV_PLUS;0.40208;701720;4;100
TOYOTA 4 RUNNER;2007;3284189;5006;;A_TOURISME_13CV_PLUS;0.40208;1419107;4;75
TOYOTA 4 RUNNER;2010;6716828;10239;;A_TOURISME_13CV_PLUS;0.40208;2799302;4;75
TOYOTA AVALON;2013;3407509;5194;;A_TOURISME_13CV_PLUS;0.40208;1468691;4;75
TOYOTA AVENSIS VERSO;2001;1500001;;OUI;B_TOURISME_STANDARD;0.31598;572570;4;75
TOYOTA C HR;2018;9717845;14814;;B_TOURISME_STANDARD;0.31598;3169245;4;25
TOYOTA COROLLA;2001;1500001;;OUI;B_TOURISME_STANDARD;0.31598;572570;4;75
TOYOTA COROLLA;2016;5339312;8139;;B_TOURISME_STANDARD;0.31598;1785716;4;50
TOYOTA HI LUX;2007;1500001;;OUI;C_CAMION_BUS;0.23338;448670;4;75
TOYOTA HI LUX;2012;2654897;4047;;C_CAMION_BUS;0.23338;718200;4;50
TOYOTA HIGHLANDER GRAVE ACCIDE;2008;1550003;2362;;A_TOURISME_13CV_PLUS;0.40208;721825;4;50
TOYOTA PREVIA;2002;1500001;;OUI;B_TOURISME_STANDARD;0.31598;572570;4;75
TOYOTA PREVIA;2003;1500001;;OUI;A_TOURISME_13CV_PLUS;0.40208;701720;4;75
TOYOTA PREVIA;2004;1500001;;OUI;A_TOURISME_13CV_PLUS;0.40208;701720;4;100
TOYOTA RAV 4;1999;1500001;;OUI;B_TOURISME_STANDARD;0.31598;572570;4;75
TOYOTA RAV 4 10;2013;5995272;9139;;A_TOURISME_13CV_PLUS;0.40208;2509179;4;75
TOYOTA RAV4;2012;4683352;7139;;A_TOURISME_13CV_PLUS;0.40208;1981682;4;75
TOYOTA RAV4;2017;10341007;15764;;A_TOURISME_13CV_PLUS;0.40208;4256512;4;75
TOYOTA RAV4 07;2009;4220899;6434;;A_TOURISME_13CV_PLUS;0.40208;1795739;4;50
TRAILER LOOSE AUTRES REMORQUES ET SEMI R;1994;6000003;9146;;AUTRE/EXONERE;;;4;50
TRAILER LOOSE AUTRES REMORQUES ET SEMI R;2000;2500000;;OUI;C_CAMION_BUS;0.23338;682050;4;50
TRUCK HEADS;2004;2500001;;OUI;D_TRACTEUR_ROUTIER;0.19208;578800;4;100
VOLKSWAGEN PASSAT;1991;1500001;;OUI;B_TOURISME_STANDARD;0.31598;572570;4;100
VOLKSWAGEN SHARAN;1998;1500001;;OUI;B_TOURISME_STANDARD;0.31598;572570;4;75
VOLVO FL6;1998;2500003;;OUI;C_CAMION_BUS;0.23338;682051;4;50
BMW 318;2000;1500001;;OUI;B_TOURISME_STANDARD;0.31598;572570;3;67
BMW 318;2001;1500001;;OUI;B_TOURISME_STANDARD;0.31598;572570;3;100
BMW 318;2004;1500001;;OUI;B_TOURISME_STANDARD;0.31598;572570;3;67
BMW 318;2006;1522056;2320;;B_TOURISME_STANDARD;0.31598;579539;3;33
BMW 320;2005;1500001;;OUI;B_TOURISME_STANDARD;0.31598;572570;3;67
BMW X3;2008;3112327;4744;;A_TOURISME_13CV_PLUS;0.40208;1350004;3;67
BMW X3;2011;4994932;7614;;A_TOURISME_13CV_PLUS;0.40208;2106962;3;33
CHERY ARRIZO 5 1 5L NEUF AUTRES;2023;8498213;12955;;AUTRE/EXONERE;;;3;100
CHEVROLET CRUZE;2014;3325514;5069;;B_TOURISME_STANDARD;0.31598;1149396;3;67
CITROEN JUMPER;2000;1500001;;OUI;C_CAMION_BUS;0.23338;448670;3;67
FIAT DUCATO;2001;2500001;;OUI;C_CAMION_BUS;0.23338;682050;3;33
FORD EDGE;2007;1690721;2577;;A_TOURISME_13CV_PLUS;0.40208;778405;3;33
FORD EXPLORER;2012;4273377;6514;;A_TOURISME_13CV_PLUS;0.40208;1816839;3;33
FORD GALAXY;2001;1500001;;OUI;B_TOURISME_STANDARD;0.31598;572570;3;100
HONDA CIVIC;2002;1500001;;OUI;B_TOURISME_STANDARD;0.31598;572570;3;100
HONDA CIVIC;2005;1500001;;OUI;B_TOURISME_STANDARD;0.31598;572570;3;100
HONDA CR V;2010;3892919;5934;;A_TOURISME_13CV_PLUS;0.40208;1663865;3;33
HONDA CR V;2017;8963491;13664;;B_TOURISME_STANDARD;0.31598;2930884;3;100
HONDA FR V;2007;1586994;2419;;B_TOURISME_STANDARD;0.31598;600058;3;33
HONDA HR V;2016;6159261;9389;;B_TOURISME_STANDARD;0.31598;2044803;3;33
HYUNDAI ELANTRA;2007;1500001;;OUI;B_TOURISME_STANDARD;0.31598;572570;3;100
HYUNDAI I30;2010;1506966;2297;;B_TOURISME_STANDARD;0.31598;574771;3;33
HYUNDAI SANTA FE;2006;1612576;2458;;A_TOURISME_13CV_PLUS;0.40208;746985;3;33
HYUNDAI SONATA;2012;3125447;4764;;A_TOURISME_13CV_PLUS;0.40208;1355280;3;33
HYUNDAI TUCSON;2018;10073804;15357;;B_TOURISME_STANDARD;0.31598;3281721;3;33
INFINITI QX60;2014;5749287;8764;;A_TOURISME_13CV_PLUS;0.40208;2410273;3;33
JEEP WRANGLER;2011;2948338;4494;;A_TOURISME_13CV_PLUS;0.40208;1284068;3;33
KIA PICANTO;2005;1500001;;OUI;B_TOURISME_STANDARD;0.31598;572570;3;100
KIA SPORTAGE;2006;1500001;;OUI;B_TOURISME_STANDARD;0.31598;572570;3;67
LAND ROVER RANGE ROVER EVOQUE;2012;5601698;8539;;B_TOURISME_STANDARD;0.31598;1868625;3;33
LANDROVER RANGE ROVER EVOQUE;2012;5601696;8539;;B_TOURISME_STANDARD;0.31598;1868624;3;67
LEXUS RX 300;2002;1500001;;OUI;A_TOURISME_13CV_PLUS;0.40208;701720;3;67
LEXUS RX 350;2015;10898573;16614;;A_TOURISME_13CV_PLUS;0.40208;4480698;3;33
LEXUS RX350;2017;17359778;26464;;A_TOURISME_13CV_PLUS;0.40208;7078620;3;67
LEXUS RX400H;2005;1500001;;OUI;A_TOURISME_13CV_PLUS;0.40208;701720;3;100
MAZDA 5;2005;1500001;;OUI;B_TOURISME_STANDARD;0.31598;572570;3;67
MAZDA 6;2005;1500003;;OUI;B_TOURISME_STANDARD;0.31598;572571;3;33
MAZDA 626;2000;1500001;;OUI;B_TOURISME_STANDARD;0.31598;572570;3;100
MERCEDES BENZ C200;2002;1500001;;OUI;B_TOURISME_STANDARD;0.31598;572570;3;67
MERCEDES BENZ C300;2009;2836824;4324;;A_TOURISME_13CV_PLUS;0.40208;1239230;3;67
MERCEDES BENZ C300;2015;8865097;13514;;B_TOURISME_STANDARD;0.31598;2899793;3;33
MERCEDES BENZ GLK350;2011;3978195;6064;;A_TOURISME_13CV_PLUS;0.40208;1698153;3;33
MINI COOPER;2002;1500001;;OUI;B_TOURISME_STANDARD;0.31598;572570;3;100
MITSUBISHI CANTER;1994;2500001;;OUI;C_CAMION_BUS;0.23338;682050;3;100
MITSUBISHI L200;2006;1500001;;OUI;C_CAMION_BUS;0.23338;448670;3;100
MITSUBISHI SPACE STAR;2005;1500001;;OUI;B_TOURISME_STANDARD;0.31598;572570;3;67
NISSAN CABSTAR;2002;2500003;;OUI;C_CAMION_BUS;0.23338;682051;3;33
NISSAN NOTE;2006;1500001;;OUI;B_TOURISME_STANDARD;0.31598;572570;3;100
NISSAN PATHFINDER;2014;8340329;12714;;A_TOURISME_13CV_PLUS;0.40208;3452079;3;67
NISSAN ROGUE;2013;4634155;7064;;A_TOURISME_13CV_PLUS;0.40208;1961901;3;67
NISSAN X TRAIL;2006;2199005;3352;;A_TOURISME_13CV_PLUS;0.40208;982776;3;67
OPEL ASTRA;1997;1500001;;OUI;B_TOURISME_STANDARD;0.31598;572570;3;100
OPEL ZAFIRA;1999;1500001;;OUI;B_TOURISME_STANDARD;0.31598;572570;3;67
OPEL ZAFIRA;2006;1500000;;OUI;B_TOURISME_STANDARD;0.31598;572570;3;67
PEUGEOT 207;2008;1500000;;OUI;B_TOURISME_STANDARD;0.31598;572570;3;67
PEUGEOT 307;2003;1500000;;OUI;B_TOURISME_STANDARD;0.31598;572570;3;67
PEUGEOT BOXER;1999;1500001;;OUI;C_CAMION_BUS;0.23338;448670;3;100
PEUGEOT J5;1985;1500003;;OUI;C_CAMION_BUS;0.23338;448671;3;67
PEUGEOT J5;1986;1500001;;OUI;C_CAMION_BUS;0.23338;448670;3;67
PEUGEOT J5;1988;1500001;;OUI;C_CAMION_BUS;0.23338;448670;3;100
PEUGEOT J5;1993;1500001;;OUI;C_CAMION_BUS;0.23338;448670;3;67
PEUGEOT J9;1984;1500001;;OUI;C_CAMION_BUS;0.23338;448670;3;67
RENAULT KANGOO;2005;1500001;;OUI;B_TOURISME_STANDARD;0.31598;572570;3;67
RENAULT KANGOO;2006;1500001;;OUI;B_TOURISME_STANDARD;0.31598;572570;3;67
RENAULT MAGNUM;2003;2500000;;OUI;D_TRACTEUR_ROUTIER;0.19208;578800;3;67
RENAULT MAGNUM;2006;2600000;3963;;D_TRACTEUR_ROUTIER;0.19208;598008;3;67
RENAULT TRUCK;1986;2500001;;OUI;D_TRACTEUR_ROUTIER;0.19208;578800;3;33
RENAULT TRUCK;2006;2600003;3963;;D_TRACTEUR_ROUTIER;0.19208;598009;3;33
SCANIA R113;1995;2500000;;OUI;D_TRACTEUR_ROUTIER;0.19208;578800;3;67
SCANIA R113;1996;2500001;;OUI;D_TRACTEUR_ROUTIER;0.19208;578800;3;67
SCANIA TRUCK;1988;2500000;;OUI;D_TRACTEUR_ROUTIER;0.19208;578800;3;100
SCANIA TRUCK;1989;2500001;;OUI;D_TRACTEUR_ROUTIER;0.19208;578800;3;67
SCANIA TRUCK;1990;2500000;;OUI;D_TRACTEUR_ROUTIER;0.19208;578800;3;100
TOYOTA 4RUNNER;2005;2148066;3274;;A_TOURISME_13CV_PLUS;0.40208;962294;3;67
TOYOTA AVALON;2006;1694142;2582;;A_TOURISME_13CV_PLUS;0.40208;779781;3;67
TOYOTA AVALON;2007;2058856;3138;;A_TOURISME_13CV_PLUS;0.40208;926425;3;67
TOYOTA AVALON;2011;2656435;4049;;A_TOURISME_13CV_PLUS;0.40208;1166699;3;33
TOYOTA AVENSIS;2009;2458109;3747;;B_TOURISME_STANDARD;0.31598;875313;3;67
TOYOTA AVENSIS VERSO;2006;1500001;;OUI;B_TOURISME_STANDARD;0.31598;572570;3;67
TOYOTA CAMRY 07;2012;3407510;5194;;A_TOURISME_13CV_PLUS;0.40208;1468692;3;33
TOYOTA CARINA;1995;1500001;;OUI;B_TOURISME_STANDARD;0.31598;572570;3;67
TOYOTA CARINA;1996;1500001;;OUI;B_TOURISME_STANDARD;0.31598;572570;3;100
TOYOTA COROLLA GRAVE ACCIDENTE;2015;1500003;;OUI;B_TOURISME_STANDARD;0.31598;572571;3;67
TOYOTA COROLLA VERSO;2010;2654897;4047;;B_TOURISME_STANDARD;0.31598;937494;3;33
TOYOTA HIACE;1998;1500001;;OUI;C_CAMION_BUS;0.23338;448670;3;67
TOYOTA HIACE;2003;2500001;;OUI;C_CAMION_BUS;0.23338;682050;3;33
TOYOTA HIGHLANDER 07;2013;8865097;13514;;A_TOURISME_13CV_PLUS;0.40208;3663078;3;67
TOYOTA HIGHLANDER 10;2015;11029765;16814;;A_TOURISME_13CV_PLUS;0.40208;4533448;3;67
TOYOTA HIGHLANDER M C;2005;2148065;3274;;A_TOURISME_13CV_PLUS;0.40208;962294;3;67
TOYOTA LAND CRUISER;2005;1848065;2817;;A_TOURISME_13CV_PLUS;0.40208;841670;3;67
TOYOTA LAND CRUISER PRADO AUTRES;2023;27806299;42390;;AUTRE/EXONERE;;;3;33
TOYOTA LAND CRUISER VXR TURBO AUTRES;2026;43416810;66188;;AUTRE/EXONERE;;;3;100
TOYOTA MATRIX;2011;3371432;5139;;B_TOURISME_STANDARD;0.31598;1163905;3;33
TOYOTA PICNIC;1999;1500001;;OUI;B_TOURISME_STANDARD;0.31598;572570;3;100
TOYOTA PRADO;2010;6566830;10010;;A_TOURISME_13CV_PLUS;0.40208;2738991;3;33
TOYOTA PRADO AUTRES;2023;50395200;76826;;AUTRE/EXONERE;;;3;67
TOYOTA RAV 4 07;2007;3400952;5184;;A_TOURISME_13CV_PLUS;0.40208;1466055;3;33
TOYOTA RAV 4 10;2011;4683351;7139;;A_TOURISME_13CV_PLUS;0.40208;1981682;3;33
TOYOTA RAV 4 11;2013;5995272;9139;;A_TOURISME_13CV_PLUS;0.40208;2509179;3;67
TOYOTA SCION XD;2008;1754492;2674;;B_TOURISME_STANDARD;0.31598;652984;3;33
TOYOTA SIENNA;2007;2053608;3130;;A_TOURISME_13CV_PLUS;0.40208;924315;3;67
TOYOTA SIENNA;2015;8963491;13664;;A_TOURISME_13CV_PLUS;0.40208;3702640;3;33
TOYOTA TACOMA;2006;2069350;3154;;C_CAMION_BUS;0.23338;581545;3;33
TOYOTA TACOMA;2008;1777449;2709;;C_CAMION_BUS;0.23338;513421;3;33
TRAILER ATTACHED AUTRES REMORQUES ET SEM;1989;2500001;;OUI;C_CAMION_BUS;0.23338;682050;3;67
TRAILER ATTACHED AUTRES REMORQUES ET SEM;1999;2500001;;OUI;C_CAMION_BUS;0.23338;682050;3;67
TRAILER LOOSE AUTRES REMORQUES ET SEMI R;2005;2500003;;OUI;C_CAMION_BUS;0.23338;682051;3;33
TRAILER LOOSE AUTRES REMORQUES ET SEMI R;2008;3000000;4573;;C_CAMION_BUS;0.23338;798740;3;33
VOLKSWAGEN GOLF;2000;1500001;;OUI;B_TOURISME_STANDARD;0.31598;572570;3;67
VOLKSWAGEN GOLF;2005;1500001;;OUI;B_TOURISME_STANDARD;0.31598;572570;3;67
VOLVO TRUCK;1990;2500001;;OUI;C_CAMION_BUS;0.23338;682050;3;100
VOLVO TRUCK;2000;2500001;;OUI;D_TRACTEUR_ROUTIER;0.19208;578800;3;67
VW PASSAT;1994;1500003;;OUI;B_TOURISME_STANDARD;0.31598;572571;3;100
VW PASSAT;1995;1500001;;OUI;B_TOURISME_STANDARD;0.31598;572570;3;67
03 JETOUR T2 PTR A T 05 DOORS AUTRES;2025;17023200;25951;;AUTRE/EXONERE;;;2;50
1 WHEEL LOADER ANNEE CHARGEUSES ET CHARG;2023;27903624;42538;;AUTRE/EXONERE;;;2;50
ACURA MDX;2014;5322913;8114;;A_TOURISME_13CV_PLUS;0.40208;2238837;2;50
AUDI A4;2010;3499344;5334;;B_TOURISME_STANDARD;0.31598;1204323;2;50
BAW PICKUP NEUF AUTRES;2024;6900393;10519;;AUTRE/EXONERE;;;2;100
BMW 118I;2006;1500003;;OUI;B_TOURISME_STANDARD;0.31598;572571;2;50
BMW 3 SERIES;2011;3197602;4874;;A_TOURISME_13CV_PLUS;0.40208;1384292;2;50
BMW 316;2002;1500001;;OUI;B_TOURISME_STANDARD;0.31598;572570;2;100
BMW 316;2003;1500001;;OUI;B_TOURISME_STANDARD;0.31598;572570;2;100
BMW 318;1998;1500001;;OUI;B_TOURISME_STANDARD;0.31598;572570;2;50
BMW 318;2005;1500001;;OUI;B_TOURISME_STANDARD;0.31598;572570;2;100
BMW 320;2006;1795588;2737;;B_TOURISME_STANDARD;0.31598;665970;2;50
BMW X1 GRAVE ACCIDENTE;2013;1500003;;OUI;B_TOURISME_STANDARD;0.31598;572571;2;100
BMW X3 AUTRES;2024;30907310;47117;;AUTRE/EXONERE;;;2;50
BMW X5;2008;4465346;6807;;A_TOURISME_13CV_PLUS;0.40208;1894026;2;50
CAMION CITERNE NEUFS AUTRES;2024;61890380;94351;;AUTRE/EXONERE;;;2;50
CAMION RENAULT 28 07;1993;2500001;;OUI;C_CAMION_BUS;0.23338;682050;2;100
CAMION RENAULT G290 01 01;1989;2500001;;OUI;D_TRACTEUR_ROUTIER;0.19208;578800;2;100
CHEVROLET CRUZE;2011;1844785;2812;;B_TOURISME_STANDARD;0.31598;681515;2;100
CHEVROLET CRUZE;2013;2507308;3822;;B_TOURISME_STANDARD;0.31598;890859;2;50
CHEVROLET EQUINOX;2011;2344854;3574;;A_TOURISME_13CV_PLUS;0.40208;1041419;2;50
CITROEN BERLINGO;2002;1500003;;OUI;C_CAMION_BUS;0.23338;448671;2;50
CITROEN C25;1982;1500003;;OUI;C_CAMION_BUS;0.23338;448671;2;50
CITROEN C25;1985;1500001;;OUI;C_CAMION_BUS;0.23338;448670;2;100
CITROEN C25;1987;1500003;;OUI;C_CAMION_BUS;0.23338;448671;2;50
CITROEN C25;1994;1500003;;OUI;C_CAMION_BUS;0.23338;448671;2;50
CITROEN C25 USAGES;1991;1500001;;OUI;C_CAMION_BUS;0.23338;448670;2;100
CITROEN C5;2010;2074371;3162;;B_TOURISME_STANDARD;0.31598;754060;2;50
DAF TRUCK;2005;2700000;4115;;D_TRACTEUR_ROUTIER;0.19208;617216;2;50
DODGE CALIBER;2009;1500001;;OUI;B_TOURISME_STANDARD;0.31598;572570;2;50
DUMP TRUCK AUTRES;2024;29496424;44966;;AUTRE/EXONERE;;;2;50
FORD EDGE;2013;4666955;7114;;A_TOURISME_13CV_PLUS;0.40208;1975089;2;50
FORD EXPLORER SPORT TRAC;2007;1757769;2679;;C_CAMION_BUS;0.23338;508828;2;50
FORD EXPLORER SPORT TRAC USAGES;2007;1757770;2679;;C_CAMION_BUS;0.23338;508828;2;100
FORD FOCUS;2005;1500001;;OUI;B_TOURISME_STANDARD;0.31598;572570;2;100
FORD GALAXY;1997;1500001;;OUI;B_TOURISME_STANDARD;0.31598;572570;2;100
FORD GALAXY;1998;1500000;;OUI;A_TOURISME_13CV_PLUS;0.40208;701720;2;50
FORD GALAXY;2003;1500000;;OUI;B_TOURISME_STANDARD;0.31598;572570;2;50
HONDA ACCORD;1999;1500001;;OUI;B_TOURISME_STANDARD;0.31598;572570;2;100
HONDA ACCORD;2003;1500001;;OUI;B_TOURISME_STANDARD;0.31598;572570;2;100
HONDA ACCORD;2004;1500001;;OUI;B_TOURISME_STANDARD;0.31598;572570;2;50
HONDA ACCORD;2008;2098212;3198;;A_TOURISME_13CV_PLUS;0.40208;942249;2;50
HONDA ACCORD;2014;4699753;7164;;A_TOURISME_13CV_PLUS;0.40208;1988277;2;50
HONDA CIVIC;2001;1500001;;OUI;B_TOURISME_STANDARD;0.31598;572570;2;100
HONDA CIVIC;2003;1500001;;OUI;B_TOURISME_STANDARD;0.31598;572570;2;100
HONDA CIVIC;2006;1500000;;OUI;B_TOURISME_STANDARD;0.31598;572570;2;100
HONDA CR V;2002;1500001;;OUI;B_TOURISME_STANDARD;0.31598;572570;2;100
HONDA CR V;2004;1500001;;OUI;B_TOURISME_STANDARD;0.31598;572570;2;100
HONDA CR V;2006;1500000;;OUI;A_TOURISME_13CV_PLUS;0.40208;701720;2;50
HONDA CR V;2016;6175661;9414;;A_TOURISME_13CV_PLUS;0.40208;2581710;2;50
HONDA CR V 07;2007;2932594;4470;;A_TOURISME_13CV_PLUS;0.40208;1277737;2;100
HONDA CRV;2008;2932595;4470;;A_TOURISME_13CV_PLUS;0.40208;1277738;2;50
HONDA CRV;2012;4748948;7239;;A_TOURISME_13CV_PLUS;0.40208;2008057;2;50
HONDA FR V;2004;1500001;;OUI;B_TOURISME_STANDARD;0.31598;572570;2;100
HONDA HR V;2003;1500001;;OUI;AUTRE/EXONERE;;;2;100
HONDA HR V;2005;1572563;2397;;B_TOURISME_STANDARD;0.31598;595498;2;50
HONDA JAZZ;2009;1500001;;OUI;AUTRE/EXONERE;;;2;100
HONDA PILOT;2009;3515743;5359;;A_TOURISME_13CV_PLUS;0.40208;1512210;2;50
HONDA RIDGELINE;2007;2003757;3054;;C_CAMION_BUS;0.23338;566237;2;50
HONDA RIDGELINE;2014;4945736;7539;;C_CAMION_BUS;0.23338;1252836;2;50
HONDA RIDGELINE MAROON;2007;1866003;2844;;C_CAMION_BUS;0.23338;534088;2;50
HONDA STREAM;2002;1500001;;OUI;B_TOURISME_STANDARD;0.31598;572570;2;100
HYDRAULIC EXCAVATOR ANNEE AUTRES;2020;2488411;3793;;AUTRE/EXONERE;;;2;100
HYUNDAI COUPE;2002;1500003;;OUI;B_TOURISME_STANDARD;0.31598;572571;2;100
HYUNDAI ELANTRA;2011;2023434;3084;;B_TOURISME_STANDARD;0.31598;737965;2;50
HYUNDAI ELANTRA;2014;3945396;6014;;B_TOURISME_STANDARD;0.31598;1345266;2;50
HYUNDAI ELANTRA GT;2013;2843384;4334;;B_TOURISME_STANDARD;0.31598;997052;2;50
HYUNDAI GETZ;2006;1500003;;OUI;B_TOURISME_STANDARD;0.31598;572571;2;100
HYUNDAI I30;2008;1500000;;OUI;B_TOURISME_STANDARD;0.31598;572570;2;50
HYUNDAI I30;2009;1500000;;OUI;B_TOURISME_STANDARD;0.31598;572570;2;50
HYUNDAI IX35;2010;3169826;4832;;B_TOURISME_STANDARD;0.31598;1100202;2;50
HYUNDAI SANTA FE;2004;1500001;;OUI;B_TOURISME_STANDARD;0.31598;572570;2;100
HYUNDAI SANTA FE;2017;10996967;16764;;A_TOURISME_13CV_PLUS;0.40208;4520260;2;50
HYUNDAI SONATA;2014;2908980;4434;;B_TOURISME_STANDARD;0.31598;1017780;2;50
HYUNDAI TUCSON;2019;10898573;16614;;B_TOURISME_STANDARD;0.31598;3542331;2;100
IRISBUS ILIADE USAGES;2006;10841000;16526;;C_CAMION_BUS;0.23338;2628673;2;100
JEEP GRAND CHEROKEE;2012;4502963;6864;;A_TOURISME_13CV_PLUS;0.40208;1909151;2;100
JEEP GRAND CHEROKEE;2015;9652249;14714;;A_TOURISME_13CV_PLUS;0.40208;3979576;2;100
JEEP WRANGLER;2012;4732549;7214;;A_TOURISME_13CV_PLUS;0.40208;2001463;2;100
JEEP WRANGLER;2017;6897217;10514;;AUTRE/EXONERE;;;2;50
KIA FORTE;2010;1800407;2744;;B_TOURISME_STANDARD;0.31598;667493;2;50
KIA MORNING;2013;2154625;3284;;B_TOURISME_STANDARD;0.31598;779418;2;50
KIA SORENTO;2017;10800179;16464;;A_TOURISME_13CV_PLUS;0.40208;4441136;2;100
KIA SOUL;2013;2882741;4394;;B_TOURISME_STANDARD;0.31598;1009489;2;100
KIA SPORTAGE;2016;5814883;8864;;A_TOURISME_13CV_PLUS;0.40208;2436648;2;50
LAND ROVER RANGE ROVER EVOQUE;2013;4962135;7564;;B_TOURISME_STANDARD;0.31598;1666535;2;100
LAND ROVER RANGE ROVER EVOQUE;2016;10701785;16314;;B_TOURISME_STANDARD;0.31598;3480150;2;50
LANDROVER RANGE ROVER EVOQUE;2013;4962135;7564;;B_TOURISME_STANDARD;0.31598;1666535;2;50
LANDROVER RANGE ROVER VELAR;2018;22738651;34664;;B_TOURISME_STANDARD;0.31598;7283559;2;100
LEXUS ES 330;2005;1500001;;OUI;A_TOURISME_13CV_PLUS;0.40208;701720;2;100
LEXUS ES 350;2011;4814543;7339;;A_TOURISME_13CV_PLUS;0.40208;2034431;2;50
LEXUS GX 470;2004;1708573;2604;;A_TOURISME_13CV_PLUS;0.40208;785583;2;50
LEXUS GX 470;2006;2817145;4294;;A_TOURISME_13CV_PLUS;0.40208;1231318;2;50
LEXUS GX 470;2007;3925718;5984;;A_TOURISME_13CV_PLUS;0.40208;1677053;2;50
LEXUS GX 470;2008;9914633;15114;;A_TOURISME_13CV_PLUS;0.40208;4085076;2;50
LEXUS NX 200T;2015;9324269;14214;;B_TOURISME_STANDARD;0.31598;3044883;2;100
LEXUS NX 200T;2016;11587331;17664;;B_TOURISME_STANDARD;0.31598;3759965;2;100
LEXUS NX200T;2015;9980229;15214;;B_TOURISME_STANDARD;0.31598;3252153;2;100
LEXUS RX 300;2003;1500001;;OUI;A_TOURISME_13CV_PLUS;0.40208;701720;2;50
LEXUS RX 300;2004;1500003;;OUI;A_TOURISME_13CV_PLUS;0.40208;701721;2;50
LEXUS RX 350;2012;7077606;10789;;A_TOURISME_13CV_PLUS;0.40208;2944364;2;100
LEXUS RX 350;2016;10977290;16734;;A_TOURISME_13CV_PLUS;0.40208;4512349;2;50
LEXUS RX 350 GRAVE ACCIDENTE;2010;2250003;3429;;A_TOURISME_13CV_PLUS;0.40208;1003281;2;50
LEXUS RX300;2001;1500001;;OUI;A_TOURISME_13CV_PLUS;0.40208;701720;2;100
LEXUS RX300;2002;1500001;;OUI;A_TOURISME_13CV_PLUS;0.40208;701720;2;100
LEXUS RX300;2003;1500001;;OUI;A_TOURISME_13CV_PLUS;0.40208;701720;2;50
LEXUS RX300;2005;1500001;;OUI;A_TOURISME_13CV_PLUS;0.40208;701720;2;50
LEXUS RX330 07;2004;1500001;;OUI;A_TOURISME_13CV_PLUS;0.40208;701720;2;100
LEXUS RX330 08;2005;2364535;3604;;A_TOURISME_13CV_PLUS;0.40208;1049332;2;50
LEXUS RX350;2014;10177017;15514;;A_TOURISME_13CV_PLUS;0.40208;4190575;2;50
LOWBED SEMI TRAILER AUTRES;2024;55981749;85343;;AUTRE/EXONERE;;;2;50
M A N TRUCK;1999;2500068;;OUI;D_TRACTEUR_ROUTIER;0.19208;578813;2;50
MAZDA 3;2008;1752951;2672;;B_TOURISME_STANDARD;0.31598;652497;2;100
MAZDA 3;2014;4781746;7289;;B_TOURISME_STANDARD;0.31598;1609536;2;50
MAZDA 5;2009;2021896;3082;;B_TOURISME_STANDARD;0.31598;737479;2;100
MAZDA 6;2006;1500001;;OUI;B_TOURISME_STANDARD;0.31598;572570;2;100
MAZDA 626;1998;1500000;;OUI;B_TOURISME_STANDARD;0.31598;572570;2;50
MAZDA CX 5;2015;7553177;11514;;A_TOURISME_13CV_PLUS;0.40208;3135581;2;100
MAZDA MPV;2000;1500001;;OUI;B_TOURISME_STANDARD;0.31598;572570;2;50
MAZDA MPV;2001;1500000;;OUI;B_TOURISME_STANDARD;0.31598;572570;2;100
MAZDA PREMACY;1999;1500001;;OUI;B_TOURISME_STANDARD;0.31598;572570;2;100
MERCEDES BENZ B 200;2007;1821828;2777;;B_TOURISME_STANDARD;0.31598;674261;2;100
MERCEDES BENZ C CLASS;2010;3479665;5304;;A_TOURISME_13CV_PLUS;0.40208;1497704;2;100
MERCEDES BENZ C180;2001;1500001;;OUI;B_TOURISME_STANDARD;0.31598;572570;2;50
MERCEDES BENZ C180;2003;1500001;;OUI;B_TOURISME_STANDARD;0.31598;572570;2;100
MERCEDES BENZ C300;2008;2902420;4424;;A_TOURISME_13CV_PLUS;0.40208;1265605;2;50
MERCEDES BENZ C300;2016;2974037;4533;;B_TOURISME_STANDARD;0.31598;1038336;2;50
MERCEDES BENZ GLC300;2016;14867131;22664;;A_TOURISME_13CV_PLUS;0.40208;6076376;2;50
MERCEDES BENZ GLE350;2016;14867131;22664;;A_TOURISME_13CV_PLUS;0.40208;6076376;2;50
MERCEDES BENZ GLK 350;2010;4552159;6939;;A_TOURISME_13CV_PLUS;0.40208;1928932;2;100
MERCEDES BENZ GLK 350;2013;7553176;11514;;A_TOURISME_13CV_PLUS;0.40208;3135581;2;100
MERCEDES BENZ GLK CLASS;2010;4552160;6939;;A_TOURISME_13CV_PLUS;0.40208;1928932;2;50
MERCEDES BENZ GLK350;2010;4552160;6939;;A_TOURISME_13CV_PLUS;0.40208;1928932;2;50
MERCEDES BENZ GLK350;2012;4830943;7364;;A_TOURISME_13CV_PLUS;0.40208;2041026;2;50
MERCEDES BENZ ML 350;2011;5536099;8439;;A_TOURISME_13CV_PLUS;0.40208;2324555;2;50
MERCEDES BENZ ML 350;2015;12407281;18914;;A_TOURISME_13CV_PLUS;0.40208;5087320;2;100
MERCEDES BENZ ML350;2010;4338973;6614;;A_TOURISME_13CV_PLUS;0.40208;1843214;2;50
MERCEDES BENZ VITO;2000;1500000;;OUI;C_CAMION_BUS;0.23338;448670;2;100
MERCEDES GLA 250;2016;10570593;16114;;B_TOURISME_STANDARD;0.31598;3438696;2;50
MERCEDES GLS450;2017;21439849;32684;;A_TOURISME_13CV_PLUS;0.40208;8719134;2;50
MINI COOPER;2012;3112327;4744;;B_TOURISME_STANDARD;0.31598;1082033;2;50
MINI COUNTRYMAN AUTRES;2024;26697450;40699;;AUTRE/EXONERE;;;2;50
MITSUBISHI CANTER;1992;2000001;3048;;C_CAMION_BUS;0.23338;565360;2;50
MITSUBISHI CANTER;1996;2595361;3956;;C_CAMION_BUS;0.23338;704305;2;50
MITSUBISHI CANTER;1997;2500003;;OUI;C_CAMION_BUS;0.23338;682051;2;50
MITSUBISHI CANTER;1998;2500001;;OUI;C_CAMION_BUS;0.23338;682050;2;50
MITSUBISHI GRANDIS;2005;1500001;;OUI;B_TOURISME_STANDARD;0.31598;572570;2;100
MITSUBISHI L300 USAGES;1997;1500001;;OUI;C_CAMION_BUS;0.23338;448670;2;50
MITSUBISHI OUTLANDER;2004;1500003;;OUI;A_TOURISME_13CV_PLUS;0.40208;701721;2;50
MITSUBISHI OUTLANDER;2007;2341347;3569;;B_TOURISME_STANDARD;0.31598;838419;2;50
MITSUBISHI OUTLANDER;2011;2992943;4562;;A_TOURISME_13CV_PLUS;0.40208;1302003;2;50
MITSUBISHI OUTLANDER;2012;3591179;5474;;B_TOURISME_STANDARD;0.31598;1233341;2;50
MITSUBISHI OUTLANDER;2013;4634155;7064;;B_TOURISME_STANDARD;0.31598;1562900;2;100
NISSAN ALMERA TINO;2000;1500003;;OUI;B_TOURISME_STANDARD;0.31598;572571;2;50
NISSAN CABSTAR;1995;2500001;;OUI;C_CAMION_BUS;0.23338;682050;2;100
NISSAN MURANO;2006;2244266;3421;;A_TOURISME_13CV_PLUS;0.40208;1000974;2;100
NISSAN NAVARA;2006;1566002;2387;;C_CAMION_BUS;0.23338;464074;2;50
NISSAN NAVARA;2007;1500001;;OUI;C_CAMION_BUS;0.23338;448670;2;50
NISSAN NAVARA;2008;1866002;2844;;C_CAMION_BUS;0.23338;534088;2;50
NISSAN NAVARA;2017;8499501;12957;;C_CAMION_BUS;0.23338;2082214;2;50
NISSAN NOTE;2009;1759511;2682;;B_TOURISME_STANDARD;0.31598;654570;2;50
NISSAN QASHQAI;2010;2884483;4397;;B_TOURISME_STANDARD;0.31598;1010039;2;100
NISSAN QASHQAI;2012;3363336;5127;;B_TOURISME_STANDARD;0.31598;1161347;2;50
NISSAN QASHQAI;2014;4826124;7357;;B_TOURISME_STANDARD;0.31598;1623559;2;50
NISSAN QASHQAI;2015;5186903;7907;;B_TOURISME_STANDARD;0.31598;1737558;2;50
NISSAN QASHQAI;2016;5728070;8732;;B_TOURISME_STANDARD;0.31598;1908556;2;100
NISSAN QASHQAI 10;2007;2674576;4077;;B_TOURISME_STANDARD;0.31598;943713;2;50
NISSAN ROGUE;2015;5486903;8364;;A_TOURISME_13CV_PLUS;0.40208;2304774;2;100
NISSAN ROGUE;2016;6028070;9189;;A_TOURISME_13CV_PLUS;0.40208;2522366;2;100
NISSAN TINO;2006;1500001;;OUI;B_TOURISME_STANDARD;0.31598;572570;2;100
OPEL MERIVA;2005;1500003;;OUI;B_TOURISME_STANDARD;0.31598;572571;2;50
OPEL ZAFIRA;2005;1500001;;OUI;B_TOURISME_STANDARD;0.31598;572570;2;50
OPEL ZAFIRA;2007;1500000;;OUI;B_TOURISME_STANDARD;0.31598;572570;2;50
OPEL ZAFIRA;2009;1500001;;OUI;B_TOURISME_STANDARD;0.31598;572570;2;100
PEUGEOT 206;2000;1500001;;OUI;B_TOURISME_STANDARD;0.31598;572570;2;100
PEUGEOT 206;2004;1500001;;OUI;B_TOURISME_STANDARD;0.31598;572570;2;100
PEUGEOT 307;2005;1500000;;OUI;B_TOURISME_STANDARD;0.31598;572570;2;50
PEUGEOT 307;2006;1500001;;OUI;B_TOURISME_STANDARD;0.31598;572570;2;100
PEUGEOT 308;2008;1500001;;OUI;B_TOURISME_STANDARD;0.31598;572570;2;100
PEUGEOT BOXER;1995;1500000;;OUI;C_CAMION_BUS;0.23338;448670;2;50
PEUGEOT BOXER;1998;1501015;;OUI;C_CAMION_BUS;0.23338;448907;2;50
PEUGEOT BOXER;2000;2500003;;OUI;C_CAMION_BUS;0.23338;682051;2;50
PEUGEOT J5;1983;1500001;;OUI;C_CAMION_BUS;0.23338;448670;2;50
PEUGEOT J5;1984;1500000;;OUI;C_CAMION_BUS;0.23338;448670;2;50
PEUGEOT J5 USAGES;1982;1500001;;OUI;C_CAMION_BUS;0.23338;448670;2;100
PEUGEOT J5 USAGES;1992;1500001;;OUI;C_CAMION_BUS;0.23338;448670;2;100
PEUGEOT PARTNER;2004;1500000;;OUI;B_TOURISME_STANDARD;0.31598;572570;2;50
PONTIAC VIBE GT;2009;2551482;3889;;A_TOURISME_13CV_PLUS;0.40208;1124500;2;100
RENAULT G290;1991;2500001;;OUI;D_TRACTEUR_ROUTIER;0.19208;578800;2;100
RENAULT G340;1995;2500001;;OUI;D_TRACTEUR_ROUTIER;0.19208;578800;2;100
RENAULT KANGOO;2000;1500001;;OUI;C_CAMION_BUS;0.23338;448670;2;100
RENAULT KANGOO;2001;1500001;;OUI;C_CAMION_BUS;0.23338;448670;2;100
RENAULT KANGOO;2007;1500001;;OUI;B_TOURISME_STANDARD;0.31598;572570;2;100
RENAULT MAGNUM;1999;2500001;;OUI;C_CAMION_BUS;0.23338;682050;2;50
RENAULT MAGNUM;2000;2500001;;OUI;D_TRACTEUR_ROUTIER;0.19208;578800;2;100
RENAULT MAGNUM;2002;5000000;7622;;AUTRE/EXONERE;;;2;50
RENAULT MEGANE;2004;1500001;;OUI;B_TOURISME_STANDARD;0.31598;572570;2;100
RENAULT PREMIUM;1999;2500000;;OUI;D_TRACTEUR_ROUTIER;0.19208;578800;2;50
RENAULT PREMIUM;2000;2500001;;OUI;D_TRACTEUR_ROUTIER;0.19208;578800;2;100
RENAULT PREMIUM;2019;18017912;27467;;C_CAMION_BUS;0.23338;4303620;2;50
RENAULT TRACTOR HEAD;1999;2500001;;OUI;D_TRACTEUR_ROUTIER;0.19208;578800;2;100
RENAULT TRUCK;1984;2500001;;OUI;C_CAMION_BUS;0.23338;682050;2;100
RENAULT TRUCK;1985;2500003;;OUI;D_TRACTEUR_ROUTIER;0.19208;578801;2;50
RENAULT TRUCK;2009;2500000;;OUI;D_TRACTEUR_ROUTIER;0.19208;578800;2;50
RENAULT TRUCK GENRE TRR;2003;2600001;3963;;D_TRACTEUR_ROUTIER;0.19208;598008;2;100
SCANIA 112;1988;2500000;;OUI;D_TRACTEUR_ROUTIER;0.19208;578800;2;100
SCANIA 113;1991;2500001;;OUI;D_TRACTEUR_ROUTIER;0.19208;578800;2;50
SCANIA 113M TRUCK;1996;2500000;;OUI;D_TRACTEUR_ROUTIER;0.19208;578800;2;50
SCANIA P113;1996;2500000;;OUI;C_CAMION_BUS;0.23338;682050;2;50
SCANIA TRUCK;1987;2500000;;OUI;C_CAMION_BUS;0.23338;682050;2;100
SCANIA TRUCK;1998;2500001;;OUI;D_TRACTEUR_ROUTIER;0.19208;578800;2;100
SCANIA TRUCK;2000;2500000;;OUI;D_TRACTEUR_ROUTIER;0.19208;578800;2;100
SCANIA TRUCK;2002;2500000;;OUI;D_TRACTEUR_ROUTIER;0.19208;578800;2;100
SCION XD;2009;2551481;3889;;B_TOURISME_STANDARD;0.31598;904817;2;50
SEMI FRUEHAUF 08 10 AUTRES REMORQUES ET ;1999;2500001;;OUI;C_CAMION_BUS;0.23338;682050;2;100
SUZUKI LIANA;2006;1500001;;OUI;B_TOURISME_STANDARD;0.31598;572570;2;100
SUZUKI SWIFT;2008;1500001;;OUI;B_TOURISME_STANDARD;0.31598;572570;2;100
TOYOTA 4 RUNNER;2004;1500003;;OUI;A_TOURISME_13CV_PLUS;0.40208;701721;2;50
TOYOTA 4 RUNNER;2014;8865099;13514;;A_TOURISME_13CV_PLUS;0.40208;3663079;2;50
TOYOTA 4RUNNER;2006;2922101;4454;;A_TOURISME_13CV_PLUS;0.40208;1273518;2;50
TOYOTA AURIS;2011;3077993;4692;;B_TOURISME_STANDARD;0.31598;1071184;2;50
TOYOTA AVALON;2008;2141507;3264;;A_TOURISME_13CV_PLUS;0.40208;959657;2;50
TOYOTA AVENSIS;1997;1500001;;OUI;B_TOURISME_STANDARD;0.31598;572570;2;100
TOYOTA AYGO;2009;1500003;;OUI;B_TOURISME_STANDARD;0.31598;572571;2;100
TOYOTA AYGO;2010;1500003;;OUI;B_TOURISME_STANDARD;0.31598;572571;2;100
TOYOTA CAMRY;2016;6011670;9164;;A_TOURISME_13CV_PLUS;0.40208;2515772;2;50
TOYOTA CAMRY;2017;6962812;10614;;A_TOURISME_13CV_PLUS;0.40208;2898207;2;100
TOYOTA CAMRY 08;2011;3584618;5464;;A_TOURISME_13CV_PLUS;0.40208;1539903;2;50
TOYOTA CAMRY 09;2012;3584621;5464;;A_TOURISME_13CV_PLUS;0.40208;1539904;2;50
TOYOTA CAMRY 10;2012;3400949;5184;;A_TOURISME_13CV_PLUS;0.40208;1466054;2;50
TOYOTA CAMRY M C;2009;2430128;3704;;A_TOURISME_13CV_PLUS;0.40208;1075706;2;50
TOYOTA CARINA;1998;1500003;;OUI;B_TOURISME_STANDARD;0.31598;572571;2;50
TOYOTA COROLLA;1998;1500001;;OUI;B_TOURISME_STANDARD;0.31598;572570;2;100
TOYOTA COROLLA 09;2010;2656437;4049;;B_TOURISME_STANDARD;0.31598;937981;2;50
TOYOTA COROLLA 20 12;2004;1500001;;OUI;B_TOURISME_STANDARD;0.31598;572570;2;100
TOYOTA COROLLA GRAVE ACCIDENTE;2016;1500003;;OUI;B_TOURISME_STANDARD;0.31598;572571;2;100
TOYOTA COROLLA M C;2003;1500000;;OUI;B_TOURISME_STANDARD;0.31598;572570;2;100
TOYOTA COROLLA VERSO;2001;1500001;;OUI;B_TOURISME_STANDARD;0.31598;572570;2;100
TOYOTA DYNA;2003;2000001;3048;;C_CAMION_BUS;0.23338;565360;2;50
TOYOTA FJ CRUISER;2007;3696132;5634;;A_TOURISME_13CV_PLUS;0.40208;1584741;2;50
TOYOTA FJ CRUISER;2008;4470165;6814;;A_TOURISME_13CV_PLUS;0.40208;1895964;2;100
TOYOTA HI LUX;2002;1500001;;OUI;C_CAMION_BUS;0.23338;448670;2;100
TOYOTA HI LUX;2010;1500001;;OUI;C_CAMION_BUS;0.23338;448670;2;50
TOYOTA HI LUX;2011;1500001;;OUI;C_CAMION_BUS;0.23338;448670;2;50
TOYOTA HI LUX;2018;11451321;17457;;C_CAMION_BUS;0.23338;2771109;2;100
TOYOTA HIACE;2002;1500000;;OUI;C_CAMION_BUS;0.23338;448670;2;50
TOYOTA HIACE;2004;1500001;;OUI;C_CAMION_BUS;0.23338;448670;2;100
TOYOTA HIACE;2005;2607442;3974;;C_CAMION_BUS;0.23338;707125;2;50
TOYOTA HIACE USAGES;2009;2500001;;OUI;C_CAMION_BUS;0.23338;682050;2;50
TOYOTA HIGHLANDER 07;2004;2148068;3274;;A_TOURISME_13CV_PLUS;0.40208;962295;2;50
TOYOTA HIGHLANDER 07;2005;2922099;4454;;A_TOURISME_13CV_PLUS;0.40208;1273518;2;100
TOYOTA HIGHLANDER 07;2008;6060868;9239;;A_TOURISME_13CV_PLUS;0.40208;2535554;2;100
TOYOTA HILUX;2007;1500001;;OUI;C_CAMION_BUS;0.23338;448670;2;100
TOYOTA HILUX;2009;1500000;;OUI;C_CAMION_BUS;0.23338;448670;2;50
TOYOTA HILUX;2010;1769351;2697;;C_CAMION_BUS;0.23338;511531;2;50
TOYOTA HILUX;2013;3832345;5842;;C_CAMION_BUS;0.23338;992993;2;100
TOYOTA HILUX DOUBLE CABIN 5 AUTRES;2024;54278272;82746;;AUTRE/EXONERE;;;2;50
TOYOTA LAND CRUISER;2003;1500000;;OUI;A_TOURISME_13CV_PLUS;0.40208;701720;2;50
TOYOTA LAND CRUISER AUTRES;2025;60157500;91709;;AUTRE/EXONERE;;;2;50
TOYOTA LAND CRUISER VXR 3 5 AUTRES;2026;53039500;80857;;AUTRE/EXONERE;;;2;50
TOYOTA LANDCRUISER;2002;1500001;;OUI;A_TOURISME_13CV_PLUS;0.40208;701720;2;100
TOYOTA PRADO;2012;7895149;12035;;A_TOURISME_13CV_PLUS;0.40208;3273082;2;50
TOYOTA PREVIA;1998;1500003;;OUI;A_TOURISME_13CV_PLUS;0.40208;701721;2;50
TOYOTA RAV 4;1998;1500001;;OUI;B_TOURISME_STANDARD;0.31598;572570;2;100
TOYOTA RAV 4;2019;16343041;24914;;A_TOURISME_13CV_PLUS;0.40208;6669810;2;50
TOYOTA RAV 4 07;2010;4912938;7489;;A_TOURISME_13CV_PLUS;0.40208;2073994;2;100
TOYOTA RAV 4 07;2013;5995271;9139;;A_TOURISME_13CV_PLUS;0.40208;2509179;2;50
TOYOTA RAV 4 09;2011;4683352;7139;;A_TOURISME_13CV_PLUS;0.40208;1981682;2;50
TOYOTA RAV 4 09;2013;5995271;9139;;A_TOURISME_13CV_PLUS;0.40208;2509179;2;100
TOYOTA RAV 4 11;2012;5749287;8764;;A_TOURISME_13CV_PLUS;0.40208;2410273;2;100
TOYOTA RAV 4 GRAVE ACCIDENTE;2010;1745402;2660;;A_TOURISME_13CV_PLUS;0.40208;800391;2;50
TOYOTA RAV4;2000;1500000;;OUI;B_TOURISME_STANDARD;0.31598;572570;2;100
TOYOTA RAV4 M C;2006;2280569;3476;;A_TOURISME_13CV_PLUS;0.40208;1015571;2;50
TOYOTA SCION;2010;1597060;2434;;B_TOURISME_STANDARD;0.31598;603239;2;50
TOYOTA SIENNA;2010;3676453;5604;;A_TOURISME_13CV_PLUS;0.40208;1576828;2;50
TOYOTA TACOMA;2004;1500000;;OUI;C_CAMION_BUS;0.23338;448670;2;50
TOYOTA TACOMA;2009;1777451;2709;;C_CAMION_BUS;0.23338;513422;2;50
TOYOTA TACOMA;2010;1777449;2709;;C_CAMION_BUS;0.23338;513421;2;50
TOYOTA VENZA;2014;5995271;9139;;A_TOURISME_13CV_PLUS;0.40208;2509179;2;100
TOYOTA VENZA 07;2011;4683352;7139;;A_TOURISME_13CV_PLUS;0.40208;1981682;2;50
TOYOTA VENZA 08;2009;4220899;6434;;A_TOURISME_13CV_PLUS;0.40208;1795739;2;50
TOYOTA VERSO;2012;3396132;5177;;B_TOURISME_STANDARD;0.31598;1171710;2;50
TOYOTA VERSO S;2011;2228522;3397;;B_TOURISME_STANDARD;0.31598;802768;2;50
TOYOTA VOXY MODEL;2009;2424442;3695;;B_TOURISME_STANDARD;0.31598;864675;2;100
TOYOTA YARIS;1999;1500003;;OUI;B_TOURISME_STANDARD;0.31598;572571;2;50
TOYOTA YARIS;2014;3586360;5467;;B_TOURISME_STANDARD;0.31598;1231818;2;50
TOYOTA YARIS;2019;1500000;;OUI;AUTRE/EXONERE;;;2;50
TOYOTA YARIS 18 03;2014;3586360;5467;;B_TOURISME_STANDARD;0.31598;1231818;2;100
TOYOTA YARIS VERSO;1999;1500001;;OUI;B_TOURISME_STANDARD;0.31598;572570;2;100
TOYOTA YARIS VERSO;2001;1500001;;OUI;B_TOURISME_STANDARD;0.31598;572570;2;100
TOYOTA YARIS VERSO;2005;1500003;;OUI;B_TOURISME_STANDARD;0.31598;572571;2;50
TOYOTA YARIS VERSO;2006;1500000;;OUI;B_TOURISME_STANDARD;0.31598;572570;2;50
TRACTEUR RENAULT 14 11;2001;2500000;;OUI;D_TRACTEUR_ROUTIER;0.19208;578800;2;100
TRACTOR TRUCK NEUFS;2025;103234567;157379;;AUTRE/EXONERE;;;2;100
TRAILER ATTACHED AUTRES REMORQUES ET SEM;1998;2500001;;OUI;C_CAMION_BUS;0.23338;682050;2;50
TRAILER ATTACHED AUTRES REMORQUES ET SEM;2008;2700001;4115;;AUTRE/EXONERE;;;2;50
TRAILER LOOSE AUTRES REMORQUES ET SEMI R;1991;2500001;;OUI;C_CAMION_BUS;0.23338;682050;2;50
TRAILER LOOSE AUTRES REMORQUES ET SEMI R;1995;2500000;;OUI;C_CAMION_BUS;0.23338;682050;2;50
TRAILER LOOSE AUTRES REMORQUES ET SEMI R;1998;2500001;;OUI;C_CAMION_BUS;0.23338;682050;2;100
TRAILER LOOSE AUTRES REMORQUES ET SEMI R;1999;2500000;;OUI;C_CAMION_BUS;0.23338;682050;2;50
TRAILER LOOSE AUTRES REMORQUES ET SEMI R;2001;2500001;;OUI;C_CAMION_BUS;0.23338;682050;2;50
VOLKSWAGEN BORA MODEL AUTRES;2022;7215528;10999;;AUTRE/EXONERE;;;2;100
VOLKSWAGEN EOS;2007;2338724;3565;;B_TOURISME_STANDARD;0.31598;837590;2;50
VOLKSWAGEN GOLF;1996;1500000;;OUI;B_TOURISME_STANDARD;0.31598;572570;2;50
VOLKSWAGEN GOLF;1999;1500001;;OUI;B_TOURISME_STANDARD;0.31598;572570;2;100
VOLKSWAGEN GOLF;2002;1500001;;OUI;B_TOURISME_STANDARD;0.31598;572570;2;100
VOLKSWAGEN PASSAT;1993;1500000;;OUI;B_TOURISME_STANDARD;0.31598;572570;2;50
VOLKSWAGEN PASSAT;1998;1500001;;OUI;B_TOURISME_STANDARD;0.31598;572570;2;100
VOLKSWAGEN SHARAN;1997;1500001;;OUI;B_TOURISME_STANDARD;0.31598;572570;2;50
VOLVO FL6;1992;2500001;;OUI;C_CAMION_BUS;0.23338;682050;2;50
VOLVO FL614;1997;2500000;;OUI;C_CAMION_BUS;0.23338;682050;2;100
VOLVO TRUCK;1998;2500000;;OUI;D_TRACTEUR_ROUTIER;0.19208;578800;2;100
VOLVO TRUCK;2001;4000000;6097;;AUTRE/EXONERE;;;2;50
01 01 TOYOTA MATRIX;2003;1500000;;OUI;B_TOURISME_STANDARD;0.31598;572570;1;100
01 09 TOYOTA PREVIA;2000;1500001;;OUI;B_TOURISME_STANDARD;0.31598;572570;1;100
01 10 TOYOTA AVENSIS;2003;1500000;;OUI;B_TOURISME_STANDARD;0.31598;572570;1;100
01 POLARIS SLINGSHOT;2019;1306401;1991;;B_TOURISME_STANDARD;0.31598;511397;1;100
01 SEMI REMORQUE PLATEAU AUTRES;2026;7503758;11439;;AUTRE/EXONERE;;;1;100
02 03 SCANIA TRUCK;1998;2500003;;OUI;D_TRACTEUR_ROUTIER;0.19208;578801;1;100
02 12 HYUNDAI TUCSON;2005;1500003;;OUI;B_TOURISME_STANDARD;0.31598;572571;1;100
02 BULLDOZER AUTRES;2016;8679608;13231;;AUTRE/EXONERE;;;1;100
02 BUS YUTONG NEUF ANNEE AUTRES;2023;150680000;229709;;AUTRE/EXONERE;;;1;100
02 JETOUR T2 PTR A T 05 DOORS AUTRES;2025;18898200;28809;;AUTRE/EXONERE;;;1;100
02 JETOUR T2 PTR A T AUTRES;2025;16927500;25805;;AUTRE/EXONERE;;;1;100
02 TOYOTA LAND CRUISER 09 AUTRES;2023;65591738;99993;;AUTRE/EXONERE;;;1;100
02 VEHS MAMBA MK7 MODEL CHARS ET AUTOMOB;2023;601999467;917742;;AUTRE/EXONERE;;;1;100
02 XINWANRONG TRAILER ANNEE 08 D UNE CAP;2024;21691044;33067;;AUTRE/EXONERE;;;1;100
03 04 KIA SOUL;2010;2279260;3474;;B_TOURISME_STANDARD;0.31598;818801;1;100
03 09 PORCHE CAYENNE;2010;2243000;3419;;A_TOURISME_13CV_PLUS;0.40208;1000465;1;100
03 NISSAN ALMERA TINO;2005;1500003;;OUI;B_TOURISME_STANDARD;0.31598;572571;1;100
03 TOYOTA HIACE;2022;4065537;6197;;C_CAMION_BUS;0.23338;1047415;1;100
03 TOYOTA HIGHLANDER GRAVE ACC;2010;1744433;2659;;A_TOURISME_13CV_PLUS;0.40208;800002;1;100
05 HONDA CR V;2017;8963493;13664;;B_TOURISME_STANDARD;0.31598;2930885;1;100
05 TOYOTA RAV 4;2005;1500003;;OUI;B_TOURISME_STANDARD;0.31598;572571;1;100
06 02 TOYOTA YARIS;2007;1500001;;OUI;B_TOURISME_STANDARD;0.31598;572570;1;100
06 BMW X1 GRAVE ACCIDENTE;2013;1500003;;OUI;B_TOURISME_STANDARD;0.31598;572571;1;100
06 NISSAN ROGUE;2019;10243201;15615;;A_TOURISME_13CV_PLUS;0.40208;4217186;1;100
06 TOYOTA HIACE LH202L;2025;14817999;22589;;AUTRE/EXONERE;;;1;100
07 11 HONDA JAZZ;2003;1500003;;OUI;B_TOURISME_STANDARD;0.31598;572571;1;100
07 11 PORSCHE CAYENNE;2007;1500000;;OUI;A_TOURISME_13CV_PLUS;0.40208;701720;1;100
07 11 SREM FRUEHAUF;1991;10000003;15244;;AUTRE/EXONERE;;;1;100
07 12 NISSAN PATROL STATION;2020;4148878;6324;;AUTRE/EXONERE;;;1;100
08 03 PEUGEOT 307;2002;1500001;;OUI;B_TOURISME_STANDARD;0.31598;572570;1;100
08 05 TOYOTA HIACE;2000;1500003;;OUI;C_CAMION_BUS;0.23338;448671;1;100
08 LEXUS RX 330;2005;2364532;3604;;A_TOURISME_13CV_PLUS;0.40208;1049331;1;100
08 TOYOTA HIGHLANDER;2010;7946753;12114;;A_TOURISME_13CV_PLUS;0.40208;3293830;1;100
08 TOYOTA HIGHLANDER;2017;20377195;31064;;A_TOURISME_13CV_PLUS;0.40208;8291863;1;100
08 TOYOTA HIGHLANDER GRAVE ACC;2015;3486349;5314;;A_TOURISME_13CV_PLUS;0.40208;1500391;1;100
09 08 TOYOTA HILUX;2022;4173637;6362;;AUTRE/EXONERE;;;1;100
09 09;1996;2500001;;OUI;D_TRACTEUR_ROUTIER;0.19208;578800;1;100
09 11 KIA PICANTO;2004;1500001;;OUI;B_TOURISME_STANDARD;0.31598;572570;1;100
09 TOYOTA MATRIX;2008;2551484;3889;;B_TOURISME_STANDARD;0.31598;904818;1;100
1 CONCRETE PUMP TRUCK ANNEE CAMIONS GRUE;2012;99724405;152028;;AUTRE/EXONERE;;;1;100
1 EXCAVATOR MODEL SY205H ENGINS DONT LA ;2022;42279932;64455;;AUTRE/EXONERE;;;1;100
1 SEMI FRUEHAUF USAGE DU 08 01 AUTRES RE;1986;2500001;;OUI;C_CAMION_BUS;0.23338;682050;1;100
10 01 CAMION RENAULT USAGE AUTRES REMORQ;1990;2500003;;OUI;C_CAMION_BUS;0.23338;682051;1;100
10 BMW X3 GRAVE ACCIDENTE;2012;2220003;3384;;B_TOURISME_STANDARD;0.31598;800077;1;100
10 JEEP WRANGLER SAHARA;2011;4732551;7214;;A_TOURISME_13CV_PLUS;0.40208;2001464;1;100
11 MAZDA CX9;2010;3551823;5414;;A_TOURISME_13CV_PLUS;0.40208;1526717;1;100
11 NISSAN QASHQAI;2009;2884485;4397;;B_TOURISME_STANDARD;0.31598;1010040;1;100
11 TOYOTA CAMRY;2010;2764671;4214;;A_TOURISME_13CV_PLUS;0.40208;1210219;1;100
11 TOYOTA MATRIX;2010;3371434;5139;;A_TOURISME_13CV_PLUS;0.40208;1454186;1;100
11 TOYOTA RAV 4;2013;5995272;9139;;A_TOURISME_13CV_PLUS;0.40208;2509179;1;100
12 04 TOYOTA RAV4;2006;1980569;3019;;B_TOURISME_STANDARD;0.31598;724420;1;100
12 TOYOTA LAND CRUISER GRJ300 AUTRES;2023;62748400;95659;;AUTRE/EXONERE;;;1;100
14 03 NISSAN PRIMERA;2006;1500003;;OUI;B_TOURISME_STANDARD;0.31598;572571;1;100
14 06 DACIA DUSTER;2016;3937301;6002;;B_TOURISME_STANDARD;0.31598;1342708;1;100
15 03 HYUNDAI TUCSON;2010;2804028;4274;;A_TOURISME_13CV_PLUS;0.40208;1226044;1;100
15 08 TOYOTA YARIS;2006;1500001;;OUI;B_TOURISME_STANDARD;0.31598;572570;1;100
16 01 MERCEDES BENZ CLK 240;2003;1500003;;OUI;A_TOURISME_13CV_PLUS;0.40208;701721;1;100
17 01 TOYOTA YARIS;2007;1500003;;OUI;B_TOURISME_STANDARD;0.31598;572571;1;100
17 03 HONDA JAZZ;2005;1500003;;OUI;B_TOURISME_STANDARD;0.31598;572571;1;100
17 06 NISSAN ALMERA;2004;1500001;;OUI;B_TOURISME_STANDARD;0.31598;572570;1;100
17 08 TRAILER ATTACHED AUTRES REMORQUES ;2004;5000003;7622;;AUTRE/EXONERE;;;1;100
18 03 TOYOTA AVENSIS VERSO;2003;1500003;;OUI;B_TOURISME_STANDARD;0.31598;572571;1;100
18 12 TOYOTA AVENSIS;2007;2123569;3237;;B_TOURISME_STANDARD;0.31598;769605;1;100
19 06 PEUGEOT J9;1990;1500003;;OUI;C_CAMION_BUS;0.23338;448671;1;100
20 08 TOYOTA AVENSIS;2003;1500003;;OUI;B_TOURISME_STANDARD;0.31598;572571;1;100
20 11 NISSAN PATROL;2003;1500001;;OUI;A_TOURISME_13CV_PLUS;0.40208;701720;1;100
21 03 TOYOTA AVENSIS;2005;1500003;;OUI;B_TOURISME_STANDARD;0.31598;572571;1;100
21 07 CAMION RENAULT USAGE;1998;2500003;;OUI;C_CAMION_BUS;0.23338;682051;1;100
22 06 PEUGEOT 207;2011;1661120;2532;;B_TOURISME_STANDARD;0.31598;623481;1;100
22 10 HYUNDAI SANTA FE;2012;4994935;7614;;A_TOURISME_13CV_PLUS;0.40208;2106963;1;100
23 09 TOYOTA YARIS;2009;1808709;2757;;B_TOURISME_STANDARD;0.31598;670116;1;100
23 12 KIA SPORTAGE GRAVE ACCID;2014;1513847;2307;;A_TOURISME_13CV_PLUS;0.40208;707288;1;100
24 03 MERCEDES BENZ SLK230;1999;1500000;;OUI;B_TOURISME_STANDARD;0.31598;572570;1;100
24 03 TOYOTA YARIS;2006;1500003;;OUI;B_TOURISME_STANDARD;0.31598;572571;1;100
25 03 HONDA JAZZ;2024;1500003;;OUI;B_TOURISME_STANDARD;0.31598;572571;1;100
27 02 RENAULT MIDLUM 150;2004;2500003;;OUI;C_CAMION_BUS;0.23338;682051;1;100
27 04 TOYOTA COROLLA;2007;1719500;2621;;B_TOURISME_STANDARD;0.31598;641928;1;100
27 04 TOYOTA PREVIA;2004;1500001;;OUI;A_TOURISME_13CV_PLUS;0.40208;701720;1;100
27 09 KIA PICANTO;2006;1500001;;OUI;B_TOURISME_STANDARD;0.31598;572570;1;100
27 12 BMW 318;2002;1500003;;OUI;B_TOURISME_STANDARD;0.31598;572571;1;100
28 04 NISSAN ALMERA;2004;1500001;;OUI;B_TOURISME_STANDARD;0.31598;572570;1;100
28 04 TOYOTA AVENSIS;2000;1500003;;OUI;B_TOURISME_STANDARD;0.31598;572571;1;100
28 08 TOYOTA AVENSIS;2007;2074372;3162;;B_TOURISME_STANDARD;0.31598;754060;1;100
28 10 OPEL ZAFIRA;2004;1500003;;OUI;B_TOURISME_STANDARD;0.31598;572571;1;100
29 04 TOYOTA COROLLA;2004;1500003;;OUI;B_TOURISME_STANDARD;0.31598;572571;1;100
29 04 TOYOTA YARIS;2008;1500001;;OUI;B_TOURISME_STANDARD;0.31598;572570;1;100
29 09 HYUNDAI SANTA FE;2004;1500001;;OUI;A_TOURISME_13CV_PLUS;0.40208;701720;1;100
29 11 SREM TRAILER GENERAL AUTRES REMORQ;1995;2500001;;OUI;C_CAMION_BUS;0.23338;682050;1;100
30 06 VW BEETLE;2000;1500003;;OUI;B_TOURISME_STANDARD;0.31598;572571;1;100
31 01 FORD TRANSIT;2006;1500003;;OUI;C_CAMION_BUS;0.23338;448671;1;100
31 03 KIA SORENTO;2011;3866683;5894;;A_TOURISME_13CV_PLUS;0.40208;1653316;1;100
31 03 VW T4 TRANSPORTER;1992;1500001;;OUI;C_CAMION_BUS;0.23338;448670;1;100
4AXLES DUMP SEMI TRAILER 12 D UNE CAPACI;2024;151616401;231137;;AUTRE/EXONERE;;;1;100
A25001192 DU 13 03;2026;73359824;111836;;AUTRE/EXONERE;;;1;100
A25003457 21 08 ENGINS DONT LA SUPERSTRU;2025;30610233;46664;;AUTRE/EXONERE;;;1;100
ACURA MDX;2005;1500001;;OUI;A_TOURISME_13CV_PLUS;0.40208;701720;1;100
ACURA MDX;2012;5027731;7664;;A_TOURISME_13CV_PLUS;0.40208;2120150;1;100
ACURA MDX SH AWD;2007;2349446;3581;;A_TOURISME_13CV_PLUS;0.40208;1043265;1;100
ACURA MDX SH AWD;2008;2932594;4470;;A_TOURISME_13CV_PLUS;0.40208;1277737;1;100
ACURA RDX;2007;2190048;3338;;A_TOURISME_13CV_PLUS;0.40208;979174;1;100
ACURA RDX;2014;5322913;8114;;A_TOURISME_13CV_PLUS;0.40208;2238837;1;100
ACURA TSX;2007;1723660;2627;;A_TOURISME_13CV_PLUS;0.40208;791649;1;100
ATT TRAILER ATTACHED AUTRES REMORQUES ET;1996;2500001;;OUI;C_CAMION_BUS;0.23338;682050;1;100
ATTACHED VANG VANG TRAILER;1992;2500001;;OUI;D_TRACTEUR_ROUTIER;0.19208;578800;1;100
AUDI A1;2013;3071431;4682;;B_TOURISME_STANDARD;0.31598;1069111;1;100
AUDI A3;2001;1500000;;OUI;B_TOURISME_STANDARD;0.31598;572570;1;100
AUDI A3;2006;1500001;;OUI;B_TOURISME_STANDARD;0.31598;572570;1;100
AUDI A3 M C;2006;1724745;2629;;B_TOURISME_STANDARD;0.31598;643585;1;100
AUDI A4;1998;1500001;;OUI;B_TOURISME_STANDARD;0.31598;572570;1;100
AUDI A4;2002;1500001;;OUI;B_TOURISME_STANDARD;0.31598;572570;1;100
AUDI A4;2003;1500001;;OUI;B_TOURISME_STANDARD;0.31598;572570;1;100
AUDI A4;2005;1500001;;OUI;B_TOURISME_STANDARD;0.31598;572570;1;100
AUDI A4;2011;3591177;5474;;B_TOURISME_STANDARD;0.31598;1233340;1;100
AUDI A5;2016;10074819;15358;;B_TOURISME_STANDARD;0.31598;3282041;1;100
AUDI A8;2003;1500003;;OUI;B_TOURISME_STANDARD;0.31598;572571;1;100
AUDI A8;2007;2427934;3701;;A_TOURISME_13CV_PLUS;0.40208;1074824;1;100
AUDI Q5;2010;5880479;8964;;A_TOURISME_13CV_PLUS;0.40208;2463023;1;100
AUDI Q5;2013;7946753;12114;;B_TOURISME_STANDARD;0.31598;2609615;1;100
AUDI Q5;2014;8438723;12864;;A_TOURISME_13CV_PLUS;0.40208;3491642;1;100
AUDI Q5;2015;9652251;14714;;B_TOURISME_STANDARD;0.31598;3148518;1;100
AUDI Q7;2007;3658516;5577;;A_TOURISME_13CV_PLUS;0.40208;1569616;1;100
AUDI Q7;2011;7187581;10957;;AUTRE/EXONERE;;;1;100
AUDI Q7;2014;9980229;15214;;A_TOURISME_13CV_PLUS;0.40208;4111450;1;100
AVD N BEN26018689 DU 02 06 CITERNES;2026;33558640;51159;;AUTRE/EXONERE;;;1;100
AVD N BEN26021907 DU 26 06 AUTRES;2026;14385664;21930;;AUTRE/EXONERE;;;1;100
BEN26011454 DU 03 04 AUTRES;2026;9878919;15060;;AUTRE/EXONERE;;;1;100
BERLIET TRUCK;1994;2500001;;OUI;C_CAMION_BUS;0.23338;682050;1;100
BITELLI ROADROLLER 63 MACHINES ET APPARE;1998;7215561;10999;;AUTRE/EXONERE;;;1;100
BMW 116;2009;2326917;3547;;B_TOURISME_STANDARD;0.31598;833859;1;100
BMW 116 19 04;2010;2336756;3562;;B_TOURISME_STANDARD;0.31598;836968;1;100
BMW 116I;2005;1500001;;OUI;B_TOURISME_STANDARD;0.31598;572570;1;100
BMW 118;2007;1716874;2617;;B_TOURISME_STANDARD;0.31598;641098;1;100
BMW 118;2008;2071093;3157;;B_TOURISME_STANDARD;0.31598;753024;1;100
BMW 118I;2007;1716873;2617;;B_TOURISME_STANDARD;0.31598;641098;1;100
BMW 120;2004;1500001;;OUI;B_TOURISME_STANDARD;0.31598;572570;1;100
BMW 120 04 11;2004;1500000;;OUI;B_TOURISME_STANDARD;0.31598;572570;1;100
BMW 120 05 06;2010;3074712;4687;;B_TOURISME_STANDARD;0.31598;1070147;1;100
BMW 120 22 09;2004;1500001;;OUI;B_TOURISME_STANDARD;0.31598;572570;1;100
BMW 3 SERIES;2013;6503643;9914;;B_TOURISME_STANDARD;0.31598;2153621;1;100
BMW 316;1999;1500000;;OUI;B_TOURISME_STANDARD;0.31598;572570;1;100
BMW 316 30 03;1999;1500001;;OUI;B_TOURISME_STANDARD;0.31598;572570;1;100
BMW 318;2002;1500001;;OUI;B_TOURISME_STANDARD;0.31598;572570;1;100
BMW 318;2009;2576181;3927;;B_TOURISME_STANDARD;0.31598;912622;1;100
BMW 318I;2003;1500001;;OUI;B_TOURISME_STANDARD;0.31598;572570;1;100
BMW 320;1998;1500000;;OUI;B_TOURISME_STANDARD;0.31598;572570;1;100
BMW 320;2001;1500000;;OUI;B_TOURISME_STANDARD;0.31598;572570;1;100
BMW 320;2004;1500000;;OUI;B_TOURISME_STANDARD;0.31598;572570;1;100
BMW 320 M C;1999;1500000;;OUI;B_TOURISME_STANDARD;0.31598;572570;1;100
BMW 320I;2002;1500001;;OUI;B_TOURISME_STANDARD;0.31598;572570;1;100
BMW 320I;2003;1500000;;OUI;B_TOURISME_STANDARD;0.31598;572570;1;100
BMW 325;2010;2779529;4237;;A_TOURISME_13CV_PLUS;0.40208;1216193;1;100
BMW 325 06 12;1994;1500002;;OUI;A_TOURISME_13CV_PLUS;0.40208;701721;1;100
BMW 5 SERIES;2003;1500001;;OUI;B_TOURISME_STANDARD;0.31598;572570;1;100
BMW 520;2004;1500001;;OUI;B_TOURISME_STANDARD;0.31598;572570;1;100
BMW 523;2005;1500003;;OUI;B_TOURISME_STANDARD;0.31598;572571;1;100
BMW 525 17 12;2004;1500000;;OUI;A_TOURISME_13CV_PLUS;0.40208;701720;1;100
BMW 525I 28 04;2008;2892354;4409;;A_TOURISME_13CV_PLUS;0.40208;1261558;1;100
BMW 528;2013;7356389;11214;;B_TOURISME_STANDARD;0.31598;2423072;1;100
BMW 535I;2011;5552498;8464;;A_TOURISME_13CV_PLUS;0.40208;2331148;1;100
BMW 730;2003;1500001;;OUI;B_TOURISME_STANDARD;0.31598;572570;1;100
BMW M1;2005;1500001;;OUI;B_TOURISME_STANDARD;0.31598;572570;1;100
BMW SERIE 3 28 04;2011;3317417;5057;;B_TOURISME_STANDARD;0.31598;1146837;1;100
BMW X 6;2011;7094005;10814;;A_TOURISME_13CV_PLUS;0.40208;2950958;1;100
BMW X1;2012;3914561;5967;;B_TOURISME_STANDARD;0.31598;1335523;1;100
BMW X1;2015;8143541;12414;;B_TOURISME_STANDARD;0.31598;2671796;1;100
BMW X1 XDRIVE 28I;2015;8143543;12414;;B_TOURISME_STANDARD;0.31598;2671797;1;100
BMW X3;2004;1500001;;OUI;A_TOURISME_13CV_PLUS;0.40208;701720;1;100
BMW X3;2005;1500001;;OUI;A_TOURISME_13CV_PLUS;0.40208;701720;1;100
BMW X3;2006;2107397;3212;;A_TOURISME_13CV_PLUS;0.40208;945942;1;100
BMW X3;2007;2609862;3978;;A_TOURISME_13CV_PLUS;0.40208;1147973;1;100
BMW X3;2013;6569237;10014;;B_TOURISME_STANDARD;0.31598;2174348;1;100
BMW X3;2014;8242401;12565;;B_TOURISME_STANDARD;0.31598;2703034;1;100
BMW X3;2015;10242613;15614;;AUTRE/EXONERE;;;1;100
BMW X3 XDRIVE 28I;2011;4994933;7614;;A_TOURISME_13CV_PLUS;0.40208;2106963;1;100
BMW X3 XDRIVE 28I;2014;8241935;12564;;B_TOURISME_STANDARD;0.31598;2702887;1;100
BMW X4 GRAVE ACCIDENTE;2017;4128812;6294;;B_TOURISME_STANDARD;0.31598;1403222;1;100
BMW X5;2005;1966139;2997;;A_TOURISME_13CV_PLUS;0.40208;889145;1;100
BMW X5;2011;5957656;9082;;A_TOURISME_13CV_PLUS;0.40208;2494054;1;100
BMW X5;2012;6618434;10089;;A_TOURISME_13CV_PLUS;0.40208;2759740;1;100
BMW X5;2013;7881601;12015;;A_TOURISME_13CV_PLUS;0.40208;3267634;1;100
BMW X5 15 09;2008;4941200;7532;;A_TOURISME_13CV_PLUS;0.40208;2085358;1;100
BMW X5 GRAVE ACCIDENTE;2007;1682276;2564;;A_TOURISME_13CV_PLUS;0.40208;775010;1;100
BMW X5 XDRIVE 40I AUTRES;2024;43429454;66207;;AUTRE/EXONERE;;;1;100
BMW X6;2014;12079300;18414;;AUTRE/EXONERE;;;1;100
BMW X6;2017;17982941;27414;;A_TOURISME_13CV_PLUS;0.40208;7329181;1;100
BMW X6 ACCIDENTE;2009;2853989;4350;;A_TOURISME_13CV_PLUS;0.40208;1246132;1;100
BMW X6 M C;2008;5285296;8057;;A_TOURISME_13CV_PLUS;0.40208;2223712;1;100
BOMAG ROLLER COMPACTEUSES ET ROULEAUX CO;1995;2000001;3048;;AUTRE/EXONERE;;;1;100
BULLDOZER WITH RIPPER ANNEE A CHENILLES;2025;56333385;85879;;AUTRE/EXONERE;;;1;100
BUS MAN USAGES;2007;11359000;17316;;C_CAMION_BUS;0.23338;2749563;1;100
BUS PASSENGER;2013;10291742;15689;;C_CAMION_BUS;0.23338;2500487;1;100
BYD FORMULA LEOPARD BRAND AUTRES;2025;24699859;37654;;AUTRE/EXONERE;;;1;100
BYD SEALION 06 5 DOORS AUTRES;2025;12324840;18788;;AUTRE/EXONERE;;;1;100
BYD YUAN PLUS SMART DRIVING AUTRES;2025;13784628;21014;;AUTRE/EXONERE;;;1;100
CADILLAC 6KH69;2004;1500001;;OUI;B_TOURISME_STANDARD;0.31598;572570;1;100
CADILLAC DTS;2011;3678194;5607;;A_TOURISME_13CV_PLUS;0.40208;1577528;1;100
CAM BENNE SINOTRUK 17 04;2019;8000002;12195;;AUTRE/EXONERE;;;1;100
CAM RENAULT 03 08;1987;2500001;;OUI;C_CAMION_BUS;0.23338;682050;1;100
CAM RENAULT DB02A1 24 04;1989;2500001;;OUI;C_CAMION_BUS;0.23338;682050;1;100
CAM RENAULT G290 28 09;1991;2500001;;OUI;C_CAMION_BUS;0.23338;682050;1;100
CAM RENAULT USAGE 01 01;1992;2500001;;OUI;C_CAMION_BUS;0.23338;682050;1;100
CAM RENAULT USAGE 25 05;1993;2500001;;OUI;C_CAMION_BUS;0.23338;682050;1;100
CAM RENAULT USAGE 27 07;1982;2500001;;OUI;C_CAMION_BUS;0.23338;682050;1;100
CAM RENAULT USAGE 31 05;1990;2500001;;OUI;C_CAMION_BUS;0.23338;682050;1;100
CAM SCANIA TRUCK BENE 04 05;1990;2500001;;OUI;C_CAMION_BUS;0.23338;682050;1;100
CAMION A NACELLE ELEVATRICE DA;2009;2800001;4268;;D_TRACTEUR_ROUTIER;0.19208;636424;1;100
CAMION BENNE USAGE M C;2011;20857762;31797;;AUTRE/EXONERE;;;1;100
CAMION DAF 13 02;1996;2500001;;OUI;C_CAMION_BUS;0.23338;682050;1;100
CAMION DAF AT33K145 21 01;1992;2500001;;OUI;C_CAMION_BUS;0.23338;682050;1;100
CAMION DUMP TRUCK;2015;9840001;15000;;C_CAMION_BUS;0.23338;2395059;1;100
CAMION HOWO 5ELSD1;2018;3000001;4573;;C_CAMION_BUS;0.23338;798740;1;100
CAMION IVECO 11 06;1996;2500001;;OUI;D_TRACTEUR_ROUTIER;0.19208;578800;1;100
CAMION MAN;1998;2500000;;OUI;C_CAMION_BUS;0.23338;682050;1;100
CAMION MAN 09 12;1999;2500001;;OUI;C_CAMION_BUS;0.23338;682050;1;100
CAMION MAN 10 10;2002;2500001;;OUI;C_CAMION_BUS;0.23338;682050;1;100
CAMION MAN 13 12;1991;2500001;;OUI;C_CAMION_BUS;0.23338;682050;1;100
CAMION MAN 18 363;2004;2500001;;OUI;C_CAMION_BUS;0.23338;682050;1;100
CAMION MAN PLATEAU 06 05;2005;5000000;7622;;AUTRE/EXONERE;;;1;100
CAMION MAN USAGE 03 12;2001;2500001;;OUI;D_TRACTEUR_ROUTIER;0.19208;578800;1;100
CAMION RENAUL 01 08;1990;2500000;;OUI;C_CAMION_BUS;0.23338;682050;1;100
CAMION RENAUL 20 12;1989;2500000;;OUI;C_CAMION_BUS;0.23338;682050;1;100
CAMION RENAULT;2005;3000000;4573;;C_CAMION_BUS;0.23338;798740;1;100
CAMION RENAULT 01 04;1992;2500000;;OUI;C_CAMION_BUS;0.23338;682050;1;100
CAMION RENAULT 02 02;1996;2500001;;OUI;C_CAMION_BUS;0.23338;682050;1;100
CAMION RENAULT 02 05;1997;2500001;;OUI;C_CAMION_BUS;0.23338;682050;1;100
CAMION RENAULT 02 09;1993;2500000;;OUI;C_CAMION_BUS;0.23338;682050;1;100
CAMION RENAULT 03 04;1985;2500000;;OUI;C_CAMION_BUS;0.23338;682050;1;100
CAMION RENAULT 05 02;1992;2500000;;OUI;C_CAMION_BUS;0.23338;682050;1;100
CAMION RENAULT 05 03;2004;2500000;;OUI;C_CAMION_BUS;0.23338;682050;1;100
CAMION RENAULT 05 07;1993;2500003;;OUI;C_CAMION_BUS;0.23338;682051;1;100
CAMION RENAULT 05 08;1993;2500000;;OUI;C_CAMION_BUS;0.23338;682050;1;100
CAMION RENAULT 05 10;1995;2500001;;OUI;C_CAMION_BUS;0.23338;682050;1;100
CAMION RENAULT 07 01;2008;2800000;4268;;C_CAMION_BUS;0.23338;752064;1;100
CAMION RENAULT 08 02;1988;2500001;;OUI;D_TRACTEUR_ROUTIER;0.19208;578800;1;100
CAMION RENAULT 08 03;1993;2500000;;OUI;C_CAMION_BUS;0.23338;682050;1;100
CAMION RENAULT 08 06;1995;2500000;;OUI;C_CAMION_BUS;0.23338;682050;1;100
CAMION RENAULT 08 10;1985;2500001;;OUI;AUTRE/EXONERE;;;1;100
CAMION RENAULT 09 10;1981;2500003;;OUI;C_CAMION_BUS;0.23338;682051;1;100
CAMION RENAULT 09 10;1989;2500001;;OUI;C_CAMION_BUS;0.23338;682050;1;100
CAMION RENAULT 10 12;1991;2500001;;OUI;D_TRACTEUR_ROUTIER;0.19208;578800;1;100
CAMION RENAULT 11 01;1995;2500001;;OUI;C_CAMION_BUS;0.23338;682050;1;100
CAMION RENAULT 11 08;1989;2500001;;OUI;D_TRACTEUR_ROUTIER;0.19208;578800;1;100
CAMION RENAULT 12 03;1986;2500001;;OUI;C_CAMION_BUS;0.23338;682050;1;100
CAMION RENAULT 12 04;1994;2500001;;OUI;C_CAMION_BUS;0.23338;682050;1;100
CAMION RENAULT 12 11;1990;2500000;;OUI;C_CAMION_BUS;0.23338;682050;1;100
CAMION RENAULT 12 11;1999;2500001;;OUI;C_CAMION_BUS;0.23338;682050;1;100
CAMION RENAULT 13 12;1989;2500001;;OUI;C_CAMION_BUS;0.23338;682050;1;100
CAMION RENAULT 17 03;2009;2800001;4268;;C_CAMION_BUS;0.23338;752064;1;100
CAMION RENAULT 17 06;1996;2500000;;OUI;C_CAMION_BUS;0.23338;682050;1;100
CAMION RENAULT 17 10;1994;2500001;;OUI;C_CAMION_BUS;0.23338;682050;1;100
CAMION RENAULT 18 02;1991;2500000;;OUI;C_CAMION_BUS;0.23338;682050;1;100
CAMION RENAULT 19 06;1991;2500000;;OUI;C_CAMION_BUS;0.23338;682050;1;100
CAMION RENAULT 19 09;2002;2500000;;OUI;D_TRACTEUR_ROUTIER;0.19208;578800;1;100
CAMION RENAULT 20 09;1988;2500000;;OUI;C_CAMION_BUS;0.23338;682050;1;100
CAMION RENAULT 22 05;1995;2500001;;OUI;D_TRACTEUR_ROUTIER;0.19208;578800;1;100
CAMION RENAULT 22 11;1993;2500001;;OUI;D_TRACTEUR_ROUTIER;0.19208;578800;1;100
CAMION RENAULT 23 10;2001;2500001;;OUI;C_CAMION_BUS;0.23338;682050;1;100
CAMION RENAULT 23 12;1996;2500001;;OUI;D_TRACTEUR_ROUTIER;0.19208;578800;1;100
CAMION RENAULT 25 05;1989;2500001;;OUI;C_CAMION_BUS;0.23338;682050;1;100
CAMION RENAULT 27 01;1992;2500001;;OUI;C_CAMION_BUS;0.23338;682050;1;100
CAMION RENAULT 27 05;1998;2500001;;OUI;C_CAMION_BUS;0.23338;682050;1;100
CAMION RENAULT 28 06;2004;2600001;3963;;D_TRACTEUR_ROUTIER;0.19208;598008;1;100
CAMION RENAULT 31 05;1994;2865350;4367;;C_CAMION_BUS;0.23338;767315;1;100
CAMION RENAULT DU 20 10;1989;2500001;;OUI;D_TRACTEUR_ROUTIER;0.19208;578800;1;100
CAMION RENAULT DU 25 04;1991;2500001;;OUI;D_TRACTEUR_ROUTIER;0.19208;578800;1;100
CAMION RENAULT RG08A1;1988;2500001;;OUI;D_TRACTEUR_ROUTIER;0.19208;578800;1;100
CAMION RENAULT USAG 04 01;1996;2500001;;OUI;C_CAMION_BUS;0.23338;682050;1;100
CAMION RENAULT USAGE 15 02;1996;2500000;;OUI;C_CAMION_BUS;0.23338;682050;1;100
CAMION RENAULT USAGE 19 11;1996;2500003;;OUI;C_CAMION_BUS;0.23338;682051;1;100
CAMION RENAULT USAGE 28 09;2006;2700001;4115;;C_CAMION_BUS;0.23338;728726;1;100
CAMION RENAULT USAGE DU;1992;2500001;;OUI;D_TRACTEUR_ROUTIER;0.19208;578800;1;100
CAMION RENAULT USAGE DU;1997;2500001;;OUI;D_TRACTEUR_ROUTIER;0.19208;578800;1;100
CAMION RENAULT USAGE DU 10 12;2003;2500001;;OUI;C_CAMION_BUS;0.23338;682050;1;100
CAMION RENAULT USAGE DU 12 01;2000;2500001;;OUI;C_CAMION_BUS;0.23338;682050;1;100
CAMION RENAULT USAGE DU 12 10;1994;2500001;;OUI;C_CAMION_BUS;0.23338;682050;1;100
CAMION RENAULT USAGE DU 15 05;1992;2500001;;OUI;C_CAMION_BUS;0.23338;682050;1;100
CAMION RENAULT USAGE DU 16 11;1989;2500001;;OUI;C_CAMION_BUS;0.23338;682050;1;100
CAMION RENAULT USAGE DU 18 08;1992;2500001;;OUI;C_CAMION_BUS;0.23338;682050;1;100
CAMION RENAULT USAGE DU 28 09;1991;2500001;;OUI;C_CAMION_BUS;0.23338;682050;1;100
CAMION RENAULT USAGE DU 29 08;1989;2500001;;OUI;C_CAMION_BUS;0.23338;682050;1;100
CAMION SCANIA;1990;2924492;4458;;C_CAMION_BUS;0.23338;781118;1;100
CAMION SCANIA 06 05;1994;2500001;;OUI;C_CAMION_BUS;0.23338;682050;1;100
CAMION SCANIA 112 14 03;1984;2500000;;OUI;C_CAMION_BUS;0.23338;682050;1;100
CAMION SCANIA 14 05;1990;2500001;;OUI;C_CAMION_BUS;0.23338;682050;1;100
CAMION SCANIA 22 11;1991;2500001;;OUI;D_TRACTEUR_ROUTIER;0.19208;578800;1;100
CAMION SCANIA DU 08 03;1984;2500000;;OUI;D_TRACTEUR_ROUTIER;0.19208;578800;1;100
CAMION SCANIA DU 14 10;1996;2500001;;OUI;D_TRACTEUR_ROUTIER;0.19208;578800;1;100
CAMION SCANIA USAGE DU 04 04;1990;2500001;;OUI;C_CAMION_BUS;0.23338;682050;1;100
CAMION SINOTRUCK;2022;18800011;28660;;AUTRE/EXONERE;;;1;100
CAMION SINOTRUK BENNE M C02 07;2020;3200001;4878;;AUTRE/EXONERE;;;1;100
CAMION THOMAS;1994;2500003;;OUI;C_CAMION_BUS;0.23338;682051;1;100
CAMION USAGE 12 08;1998;2500001;;OUI;C_CAMION_BUS;0.23338;682050;1;100
CAMION VOLVO 01 07;1998;2865350;4367;;C_CAMION_BUS;0.23338;767315;1;100
CAMION VOLVO 03 09;1996;2500000;;OUI;C_CAMION_BUS;0.23338;682050;1;100
CAMION VOLVO 07 04;1987;2500000;;OUI;C_CAMION_BUS;0.23338;682050;1;100
CAMION VOLVO 21 07;2000;2500000;;OUI;C_CAMION_BUS;0.23338;682050;1;100
CAMION VOLVO 22 03;1989;2500000;;OUI;C_CAMION_BUS;0.23338;682050;1;100
CAMION VOLVO 25 04;1985;2500001;;OUI;C_CAMION_BUS;0.23338;682050;1;100
CAMION VOLVO 25 04;1988;2500000;;OUI;C_CAMION_BUS;0.23338;682050;1;100
CAMION VOLVO DU 19 05;1988;2500001;;OUI;D_TRACTEUR_ROUTIER;0.19208;578800;1;100
CAMION VOLVO USAGE M C 19 08;1989;2000001;3048;;AUTRE/EXONERE;;;1;100
CAMION VOLVO USGAE M C 06 11;1989;2000001;3048;;AUTRE/EXONERE;;;1;100
CAMIONNETTE I TRUCK;2016;3840000;5853;;AUTRE/EXONERE;;;1;100
CAMIONNETTE SAVIEM DU 05 02;1980;2500001;;OUI;D_TRACTEUR_ROUTIER;0.19208;578800;1;100
CASE TRACTOR AUTRES;2002;9000001;13720;;AUTRE/EXONERE;;;1;100
CAT EXCAVATOR USAG ACCESSOIR AUTRES;2011;10480001;15976;;AUTRE/EXONERE;;;1;100
CATERPILARD 330F HYDRAULIC CHARGEUSES ET;2016;35343620;53880;;AUTRE/EXONERE;;;1;100
CATERPILLAR 140H MOTORGRADER NIVELEUSES;2001;10860001;16555;;AUTRE/EXONERE;;;1;100
CATERPILLAR 330BL CHARGEUSES ET CHARGEUS;1988;24370000;37151;;AUTRE/EXONERE;;;1;100
CATERPILLAR 330BLN AUTRES;2000;13850000;21113;;AUTRE/EXONERE;;;1;100
CATERPILLAR 345CL EXCAVATOR CHARGEUSES E;2007;17360000;26464;;AUTRE/EXONERE;;;1;100
CATERPILLAR 908 WHEELLOADER AUTRES;2018;134458066;204979;;AUTRE/EXONERE;;;1;100
CATERPILLAR CS76 AUTRES;2008;21203787;32324;;AUTRE/EXONERE;;;1;100
CATERPILLAR EXCAVATOR CHARGEUSES ET CHAR;2022;3960001;6036;;AUTRE/EXONERE;;;1;100
CATERPILLAR TH460B AUTRES MACHINES ET AP;1999;10577356;16124;;AUTRE/EXONERE;;;1;100
CHARGEUSE SUR PNEUS USAGE CHARGEUSES ET ;2021;27003507;41166;;AUTRE/EXONERE;;;1;100
CHERY VEHICLES TIGGO 7 PRO 1 5 AUTRES;2023;10758017;16400;;AUTRE/EXONERE;;;1;100
CHERY VEHICLES TIGGO7 PRO 1 5L AUTRES;2023;10758017;16400;;AUTRE/EXONERE;;;1;100
CHERY VEHICLES TIGGO8 PRO 2 0L AUTRES;2023;13526123;20620;;AUTRE/EXONERE;;;1;100
CHEVROLET AVEO;2010;1500001;;OUI;B_TOURISME_STANDARD;0.31598;572570;1;100
CHEVROLET CAMARO;2013;6269237;9557;;A_TOURISME_13CV_PLUS;0.40208;2619335;1;100
CHEVROLET CAMARO AMARO;2010;3906041;5954;;A_TOURISME_13CV_PLUS;0.40208;1669141;1;100
CHEVROLET CAMARO GRAVE ACCIDEN;2014;1993139;3038;;A_TOURISME_13CV_PLUS;0.40208;900001;1;100
CHEVROLET CAPTIVA;2007;1500000;;OUI;A_TOURISME_13CV_PLUS;0.40208;701720;1;100
CHEVROLET CAPTIVA;2008;1625040;2477;;A_TOURISME_13CV_PLUS;0.40208;751996;1;100
CHEVROLET CAPTIVA;2012;2799209;4267;;B_TOURISME_STANDARD;0.31598;983094;1;100
CHEVROLET CRUZE;2012;2558043;3899;;B_TOURISME_STANDARD;0.31598;906890;1;100
CHEVROLET CRUZE LTZ;2012;2558041;3899;;B_TOURISME_STANDARD;0.31598;906890;1;100
CHEVROLET EPICA;2008;1500001;;OUI;A_TOURISME_13CV_PLUS;0.40208;701720;1;100
CHEVROLET EQUINOX;2012;3099209;4724;;A_TOURISME_13CV_PLUS;0.40208;1344730;1;100
CHEVROLET EQUINOX;2013;3250079;4954;;A_TOURISME_13CV_PLUS;0.40208;1405392;1;100
CHEVROLET EXPRESS COMMERCIAL;2004;1500001;;OUI;C_CAMION_BUS;0.23338;448670;1;100
CHEVROLET KALOS 14 12;2006;1500001;;OUI;B_TOURISME_STANDARD;0.31598;572570;1;100
CHEVROLET MATIZ;2005;1500001;;OUI;B_TOURISME_STANDARD;0.31598;572570;1;100
CHEVROLET ORLANDO;2012;2526985;3852;;B_TOURISME_STANDARD;0.31598;897077;1;100
CHEVROLET SPARK;2012;1500003;;OUI;B_TOURISME_STANDARD;0.31598;572571;1;100
CHEVROLET SPARK 04 07;2013;1766070;2692;;B_TOURISME_STANDARD;0.31598;656643;1;100
CHEVROLET TACUMA;2005;1500001;;OUI;B_TOURISME_STANDARD;0.31598;572570;1;100
CHEVROLET TRAVERSE;2010;2489167;3794;;A_TOURISME_13CV_PLUS;0.40208;1099444;1;100
CHEVROLET TRAVERSE;2012;3145126;4794;;A_TOURISME_13CV_PLUS;0.40208;1363192;1;100
CHEVROLET TRAVERSE GRAVE ACCID;2014;1500003;;OUI;A_TOURISME_13CV_PLUS;0.40208;701721;1;100
CHEVROVET CAPTIVA;2014;3353494;5112;;A_TOURISME_13CV_PLUS;0.40208;1446973;1;100
CHMITZ TRAILER AUTRES REMORQUES ET SEMI ;2006;2500001;;OUI;C_CAMION_BUS;0.23338;682050;1;100
CHRYSLER PT CRUISER LIMITED;2003;1500000;;OUI;B_TOURISME_STANDARD;0.31598;572570;1;100
CHRYSLER VOYAGER;2001;1500001;;OUI;A_TOURISME_13CV_PLUS;0.40208;701720;1;100
CITRO N C25;1982;1500000;;OUI;C_CAMION_BUS;0.23338;448670;1;100
CITRO N XSARA PICASSO;2006;1501015;;OUI;B_TOURISME_STANDARD;0.31598;572891;1;100
CITROEN BERLINGO;2001;1500001;;OUI;B_TOURISME_STANDARD;0.31598;572570;1;100
CITROEN BERLINGO;2004;1500001;;OUI;C_CAMION_BUS;0.23338;448670;1;100
CITROEN BERLINGO;2008;1500003;;OUI;B_TOURISME_STANDARD;0.31598;572571;1;100
CITROEN BERLINGO;2009;1500001;;OUI;B_TOURISME_STANDARD;0.31598;572570;1;100
CITROEN BERLINGO;2014;2792800;4257;;C_CAMION_BUS;0.23338;750384;1;100
CITROEN BERLINGO 08 07;2004;1500001;;OUI;B_TOURISME_STANDARD;0.31598;572570;1;100
CITROEN BERLINGO 24 02;2010;1792310;2732;;B_TOURISME_STANDARD;0.31598;664934;1;100
CITROEN BERLINGO USAGES;2003;1500001;;OUI;C_CAMION_BUS;0.23338;448670;1;100
CITROEN C CROSSER;2009;2021896;3082;;B_TOURISME_STANDARD;0.31598;737479;1;100
CITROEN C25;1983;1500001;;OUI;C_CAMION_BUS;0.23338;448670;1;100
CITROEN C25;1997;1500001;;OUI;C_CAMION_BUS;0.23338;448670;1;100
CITROEN C25 01 07 USAGES;1988;1500001;;OUI;C_CAMION_BUS;0.23338;448670;1;100
CITROEN C25 03 04;1992;1500001;;OUI;C_CAMION_BUS;0.23338;448670;1;100
CITROEN C25 05 06 USAGES;1984;1500001;;OUI;C_CAMION_BUS;0.23338;448670;1;100
CITROEN C25 06 10;2008;1500001;;OUI;C_CAMION_BUS;0.23338;448670;1;100
CITROEN C25 13 02 USAGES;1989;1500001;;OUI;C_CAMION_BUS;0.23338;448670;1;100
CITROEN C25 20 12;1991;1500001;;OUI;C_CAMION_BUS;0.23338;448670;1;100
CITROEN C25 M C;1982;1500000;;OUI;C_CAMION_BUS;0.23338;448670;1;100
CITROEN C25 M C;1991;1500000;;OUI;C_CAMION_BUS;0.23338;448670;1;100
CITROEN C25 M C;1999;1500000;;OUI;C_CAMION_BUS;0.23338;448670;1;100
CITROEN C25 USAGES;1985;1500001;;OUI;C_CAMION_BUS;0.23338;448670;1;100
CITROEN C25 USAGES;1987;1500001;;OUI;C_CAMION_BUS;0.23338;448670;1;100
CITROEN C25 USAGES;1988;1500001;;OUI;C_CAMION_BUS;0.23338;448670;1;100
CITROEN C25 USAGES;1990;1500001;;OUI;C_CAMION_BUS;0.23338;448670;1;100
CITROEN C25 USAGES;1993;1500001;;OUI;C_CAMION_BUS;0.23338;448670;1;100
CITROEN C25 USAGES;1997;1500001;;OUI;C_CAMION_BUS;0.23338;448670;1;100
CITROEN C3;2017;4580139;6982;;B_TOURISME_STANDARD;0.31598;1545832;1;100
CITROEN C4;2011;2422031;3692;;B_TOURISME_STANDARD;0.31598;863913;1;100
CITROEN C4 PICASSO;2007;1577811;2405;;B_TOURISME_STANDARD;0.31598;597157;1;100
CITROEN C4 PICASSO;2009;2074372;3162;;B_TOURISME_STANDARD;0.31598;754060;1;100
CITROEN C5;2009;1684076;2567;;B_TOURISME_STANDARD;0.31598;630734;1;100
CITROEN C5;2011;2317078;3532;;B_TOURISME_STANDARD;0.31598;830750;1;100
CITROEN C5 23 01;2013;2812326;4287;;B_TOURISME_STANDARD;0.31598;987239;1;100
CITROEN C5 M C;2005;1500000;;OUI;B_TOURISME_STANDARD;0.31598;572570;1;100
CITROEN C8;2006;1500003;;OUI;B_TOURISME_STANDARD;0.31598;572571;1;100
CITROEN DS4;2015;4252160;6482;;B_TOURISME_STANDARD;0.31598;1442198;1;100
CITROEN JUMPER;2006;1500001;;OUI;C_CAMION_BUS;0.23338;448670;1;100
CITROEN JUMPER 08 05;2002;1500001;;OUI;C_CAMION_BUS;0.23338;448670;1;100
CITROEN JUMPER 12 04 USAGES;2012;1874305;2857;;C_CAMION_BUS;0.23338;536025;1;100
CITROEN JUMPER USAGES;1997;1500001;;OUI;C_CAMION_BUS;0.23338;448670;1;100
CITROEN JUMPER USAGES;2004;1500001;;OUI;C_CAMION_BUS;0.23338;448670;1;100
CITROEN JUMPY;2003;1500001;;OUI;C_CAMION_BUS;0.23338;448670;1;100
CITROEN JUMPY FG;2007;1500001;;OUI;C_CAMION_BUS;0.23338;448670;1;100
CITROEN NEMO;2014;2458111;3747;;B_TOURISME_STANDARD;0.31598;875314;1;100
CITROEN PICASSO;2017;7203982;10982;;B_TOURISME_STANDARD;0.31598;2374914;1;100
CITROEN XSARA;2000;1500001;;OUI;B_TOURISME_STANDARD;0.31598;572570;1;100
CITROEN XSARA;2003;1500001;;OUI;B_TOURISME_STANDARD;0.31598;572570;1;100
CITROEN XSARA;2005;1500000;;OUI;B_TOURISME_STANDARD;0.31598;572570;1;100
CITROEN XSARA PICASS;2004;1500001;;OUI;B_TOURISME_STANDARD;0.31598;572570;1;100
CITROEN XSARA PICASSO;2002;1500001;;OUI;B_TOURISME_STANDARD;0.31598;572570;1;100
CITROEN XSARA PICASSO;2009;1729993;2637;;B_TOURISME_STANDARD;0.31598;645243;1;100
CONCRETE MIXER FIORI CAMIONS BETONNIERES;2000;5084200;7750;;AUTRE/EXONERE;;;1;100
CONCRETE TRUCK RENAULT G300;1996;2500001;;OUI;C_CAMION_BUS;0.23338;682050;1;100
COWIN KUNLUN AUTRES;2026;10008000;15256;;AUTRE/EXONERE;;;1;100
CRANE ET ACCESSOIRES ANNEE AUTRES;2020;6126055;9338;;AUTRE/EXONERE;;;1;100
CRANE FRUEHAUF TRAILER AUTRES REMORQUES ;1990;2500001;;OUI;C_CAMION_BUS;0.23338;682050;1;100
DACIA DOKKER;2013;2166207;3302;;B_TOURISME_STANDARD;0.31598;783078;1;100
DACIA DUSTER;2014;3205903;4887;;B_TOURISME_STANDARD;0.31598;1111601;1;100
DAEWOO CHEVROLET CAPTIVA;2007;1500001;;OUI;AUTRE/EXONERE;;;1;100
DAF CF75 TRUCK;2000;2500001;;OUI;C_CAMION_BUS;0.23338;682050;1;100
DAF TRUCK;1989;2500003;;OUI;C_CAMION_BUS;0.23338;682051;1;100
DAF TRUCK;1998;2500001;;OUI;C_CAMION_BUS;0.23338;682050;1;100
DAF TRUCK;1999;2500002;;OUI;C_CAMION_BUS;0.23338;682050;1;100
DAF TRUCK;2008;6823366;10401;;AUTRE/EXONERE;;;1;100
DAF TRUCK;2011;11000000;16769;;D_TRACTEUR_ROUTIER;0.19208;2211480;1;100
DAF XF105 16 04;2008;2800001;4268;;C_CAMION_BUS;0.23338;752064;1;100
DAIHATSU MATERIA;2007;1500001;;OUI;B_TOURISME_STANDARD;0.31598;572570;1;100
DAIHATSU SIRION;2004;1500001;;OUI;B_TOURISME_STANDARD;0.31598;572570;1;100
DAIHATSU SIRION;2009;1759511;2682;;B_TOURISME_STANDARD;0.31598;654570;1;100
DAIHATSU SIRION 04 12;1998;1500001;;OUI;B_TOURISME_STANDARD;0.31598;572570;1;100
DAIHATSU TERIOS;1999;1500001;;OUI;B_TOURISME_STANDARD;0.31598;572570;1;100
DAIHATSU TERIOS;2005;1500001;;OUI;B_TOURISME_STANDARD;0.31598;572570;1;100
DAIHATSU TERIOS 02 11;1998;1500000;;OUI;B_TOURISME_STANDARD;0.31598;572570;1;100
DAIHTSU MATERIA;2009;1815267;2767;;B_TOURISME_STANDARD;0.31598;672188;1;100
DEM N 160202600147 DU 06 01 AUTRES;2026;29058895;44299;;AUTRE/EXONERE;;;1;100
DODGE JOURNEY;2010;2532305;3860;;A_TOURISME_13CV_PLUS;0.40208;1116789;1;100
DODGE JOURNEY;2013;5749287;8764;;A_TOURISME_13CV_PLUS;0.40208;2410273;1;100
DODGE NITRO;2010;3945397;6014;;A_TOURISME_13CV_PLUS;0.40208;1684965;1;100
DODGE RAM 2500;2011;1852885;2824;;C_CAMION_BUS;0.23338;531026;1;100
DONGFENG RICH 7 PICK UP AUTRES;2025;15512272;23648;;AUTRE/EXONERE;;;1;100
DUMP TRUCK;2013;10200001;15549;;AUTRE/EXONERE;;;1;100
DUMP TRUCK;2014;10000001;15244;;AUTRE/EXONERE;;;1;100
DUMP TRUCK;2018;6000001;9146;;C_CAMION_BUS;0.23338;1498880;1;100
DUMP TRUCK;2023;34000000;51832;;AUTRE/EXONERE;;;1;100
DUMP TRUCK 6X4;2016;6500000;9908;;C_CAMION_BUS;0.23338;1615570;1;100
DUMP TRUCK ANNEE AUTRES;2025;34165908;52085;;AUTRE/EXONERE;;;1;100
DUMP TRUCK AUTRES;2025;26586672;40530;;AUTRE/EXONERE;;;1;100
DUMP TRUCK BRAND CHENGLI YEAR AUTRES;2024;154859637;236081;;AUTRE/EXONERE;;;1;100
DUMP TRUCK MODEL SX3255DT38 AUTRES;2026;23910547;36451;;AUTRE/EXONERE;;;1;100
DUMP TRUCK SHACMAN MODEL SX AUTRES;2026;23910547;36451;;AUTRE/EXONERE;;;1;100
DUMP TRUCKS;2011;3000000;4573;;C_CAMION_BUS;0.23338;798740;1;100
DUMP TRUCKS;2012;3000000;4573;;C_CAMION_BUS;0.23338;798740;1;100
DUMPER TRUCKS HOWO 11;2021;13000001;19818;;C_CAMION_BUS;0.23338;3132540;1;100
EXCAVATOR 240 11 ENGINS DONT LA SUPERSTR;2022;17500001;26678;;AUTRE/EXONERE;;;1;100
EXCAVATOR 336D ENGINS DONT LA SUPERSTRUC;2014;30890001;47091;;AUTRE/EXONERE;;;1;100
EXCAVATOR 7JK34740 CHARGEUSES ET CHARGEU;1997;31440001;47929;;AUTRE/EXONERE;;;1;100
EXCAVATOR CN FC G2 0965 03 0 CHARGEUSES ;1988;15429154;23521;;AUTRE/EXONERE;;;1;100
EXCAVATOR HITACHI 240 CHARGEUSES ET CHAR;2006;13515000;20603;;AUTRE/EXONERE;;;1;100
EXCAVATOR HITACHI ZX 210LC 3 CHARGEUSES ;2000;11398000;17375;;AUTRE/EXONERE;;;1;100
EXCAVATOR HITACHI ZX210 N CHARGEUSES ET ;2004;12000001;18293;;AUTRE/EXONERE;;;1;100
FAW 6X4 DUMP TRUCK AUTRES;2024;29496424;44966;;AUTRE/EXONERE;;;1;100
FAW BESTUNE D511 SUV FLEET AUTRES;2025;53669076;81817;;AUTRE/EXONERE;;;1;100
FAW BESTUNE NAT E05 AUTRES;2025;66783826;101811;;AUTRE/EXONERE;;;1;100
FIAT 500X;2016;4973715;7582;;B_TOURISME_STANDARD;0.31598;1670194;1;100
FIAT AMBULANCE VISION 29 12;2011;1939901;2957;;AUTRE/EXONERE;;;1;100
FIAT DOBLO;2007;1500001;;OUI;C_CAMION_BUS;0.23338;448670;1;100
FIAT DUCATO;1985;1500001;;OUI;C_CAMION_BUS;0.23338;448670;1;100
FIAT DUCATO;1991;1500001;;OUI;C_CAMION_BUS;0.23338;448670;1;100
FIAT DUCATO;1995;1500001;;OUI;C_CAMION_BUS;0.23338;448670;1;100
FIAT DUCATO;1999;1500003;;OUI;C_CAMION_BUS;0.23338;448671;1;100
FIAT DUCATO;2004;1500003;;OUI;C_CAMION_BUS;0.23338;448671;1;100
FIAT DUCATO 08 06 USAGES;1999;1500001;;OUI;C_CAMION_BUS;0.23338;448670;1;100
FIAT DUCATO M C;1993;1500000;;OUI;C_CAMION_BUS;0.23338;448670;1;100
FIAT DUCATO USAGES;1990;1500001;;OUI;C_CAMION_BUS;0.23338;448670;1;100
FIAT DUCATO USAGES;1996;1500001;;OUI;C_CAMION_BUS;0.23338;448670;1;100
FIAT IDEA 24 09;2004;1500000;;OUI;B_TOURISME_STANDARD;0.31598;572570;1;100
FIAT PANDA;2005;1500001;;OUI;B_TOURISME_STANDARD;0.31598;572570;1;100
FIAT PUNTO CE 318 KX 25 04;2012;1500000;;OUI;B_TOURISME_STANDARD;0.31598;572570;1;100
FIAT SCUDO;2001;1500001;;OUI;B_TOURISME_STANDARD;0.31598;572570;1;100
FIAT STILO;2005;1500001;;OUI;B_TOURISME_STANDARD;0.31598;572570;1;100
FIAT TALENTO;2019;8696289;13257;;C_CAMION_BUS;0.23338;2128140;1;100
FIAT TIPO;2017;4366952;6657;;B_TOURISME_STANDARD;0.31598;1478469;1;100
FIAT TRACTOR;1990;1500000;;OUI;AUTRE/EXONERE;;;1;100
FORD C MAX;2003;1500001;;OUI;B_TOURISME_STANDARD;0.31598;572570;1;100
FORD CMAX 08;2012;3389573;5167;;AUTRE/EXONERE;;;1;100
FORD E SERIES E 250;2008;1500001;;OUI;C_CAMION_BUS;0.23338;448670;1;100
FORD E350 USAGES;2007;1500001;;OUI;C_CAMION_BUS;0.23338;448670;1;100
FORD ECOSPORT;2015;3533883;5387;;B_TOURISME_STANDARD;0.31598;1215236;1;100
FORD EDGE;2010;2830265;4314;;A_TOURISME_13CV_PLUS;0.40208;1236593;1;100
FORD EDGE;2011;3692852;5629;;A_TOURISME_13CV_PLUS;0.40208;1583422;1;100
FORD EDGE;2012;4273377;6514;;A_TOURISME_13CV_PLUS;0.40208;1816839;1;100
FORD EDGE;2015;5978873;9114;;A_TOURISME_13CV_PLUS;0.40208;2502585;1;100
FORD EDGE SEL;2016;3549501;5410;;A_TOURISME_13CV_PLUS;0.40208;1525783;1;100
FORD ESCAPE;2012;4142185;6314;;A_TOURISME_13CV_PLUS;0.40208;1764090;1;100
FORD ESCAPE;2015;5978873;9114;;B_TOURISME_STANDARD;0.31598;1987804;1;100
FORD ESCAPE;2016;6798823;10364;;A_TOURISME_13CV_PLUS;0.40208;2832271;1;100
FORD ESCAPE ANNEE;2015;5678847;8657;;AUTRE/EXONERE;;;1;100
FORD ESCAPE GRAVE ACCIDENTE;2014;1993139;3038;;B_TOURISME_STANDARD;0.31598;728392;1;100
FORD EXPEDITION;2015;5674918;8651;;AUTRE/EXONERE;;;1;100
FORD EXPLORER;2007;1990636;3034;;A_TOURISME_13CV_PLUS;0.40208;898995;1;100
FORD EXPLORER;2011;3761727;5734;;A_TOURISME_13CV_PLUS;0.40208;1611115;1;100
FORD EXPLORER;2014;4338972;6614;;A_TOURISME_13CV_PLUS;0.40208;1843214;1;100
FORD EXPLORER SPORT TRAC M C;2007;1734810;2644;;C_CAMION_BUS;0.23338;503470;1;100
FORD F150 HERITAGE;2010;1757772;2679;;C_CAMION_BUS;0.23338;508829;1;100
FORD F150 PICK UP;2012;2915542;4444;;C_CAMION_BUS;0.23338;779029;1;100
FORD F450 SUPER DUTY;2007;2003755;3054;;C_CAMION_BUS;0.23338;566236;1;100
FORD FIESTA;2012;2149808;3277;;B_TOURISME_STANDARD;0.31598;777896;1;100
FORD FIESTA 17 07;2013;2832007;4317;;B_TOURISME_STANDARD;0.31598;993458;1;100
FORD FLEX;2009;3099208;4724;;A_TOURISME_13CV_PLUS;0.40208;1344730;1;100
FORD FOCUS;2001;1500001;;OUI;B_TOURISME_STANDARD;0.31598;572570;1;100
FORD FOCUS;2002;1500001;;OUI;B_TOURISME_STANDARD;0.31598;572570;1;100
FORD FOCUS;2007;1500000;;OUI;B_TOURISME_STANDARD;0.31598;572570;1;100
FORD FOCUS;2012;2948338;4494;;B_TOURISME_STANDARD;0.31598;1030216;1;100
FORD FOCUS;2015;4240579;6464;;B_TOURISME_STANDARD;0.31598;1438538;1;100
FORD FOCUS 23 09;2002;1500001;;OUI;B_TOURISME_STANDARD;0.31598;572570;1;100
FORD FOCUS 30 09;2005;1500001;;OUI;B_TOURISME_STANDARD;0.31598;572570;1;100
FORD FUSION;2011;2203822;3359;;A_TOURISME_13CV_PLUS;0.40208;984713;1;100
FORD GALAXY;1999;1500001;;OUI;B_TOURISME_STANDARD;0.31598;572570;1;100
FORD GALAXY;2000;1500001;;OUI;B_TOURISME_STANDARD;0.31598;572570;1;100
FORD GALAXY;2002;1500001;;OUI;B_TOURISME_STANDARD;0.31598;572570;1;100
FORD GALAXY;2007;1538452;2345;;B_TOURISME_STANDARD;0.31598;584720;1;100
FORD GALAXY 10 05;2001;1500001;;OUI;B_TOURISME_STANDARD;0.31598;572570;1;100
FORD KUGA 26 09;2009;2992715;4562;;B_TOURISME_STANDARD;0.31598;1044238;1;100
FORD MONDEO;2002;1500001;;OUI;B_TOURISME_STANDARD;0.31598;572570;1;100
FORD MONDEO;2005;1500001;;OUI;B_TOURISME_STANDARD;0.31598;572570;1;100
FORD MONDEO;2008;1562723;2382;;B_TOURISME_STANDARD;0.31598;592389;1;100
FORD RANGER;2013;2110452;3217;;C_CAMION_BUS;0.23338;591137;1;100
FORD RANGER DOUBLE CABINE;2015;2155572;3285;;C_CAMION_BUS;0.23338;601667;1;100
FORD S MAX;2010;2812326;4287;;B_TOURISME_STANDARD;0.31598;987239;1;100
FORD TAURUS;1999;1500001;;OUI;B_TOURISME_STANDARD;0.31598;572570;1;100
FORD TRANSIT 350;2018;7766364;11839;;C_CAMION_BUS;0.23338;1911114;1;100
FORD TRANSIT CONNECT;2010;1500001;;OUI;C_CAMION_BUS;0.23338;448670;1;100
FORD TRANSIT USAGES;2002;1500001;;OUI;C_CAMION_BUS;0.23338;448670;1;100
FORD TRANSIT USAGES;2005;1500001;;OUI;C_CAMION_BUS;0.23338;448670;1;100
FORD TRANSIT VAN;1990;1500003;;OUI;C_CAMION_BUS;0.23338;448671;1;100
FORD TRANSIT VAN;1992;1500003;;OUI;B_TOURISME_STANDARD;0.31598;572571;1;100
FORD TRANSIT VAN;1999;1500001;;OUI;C_CAMION_BUS;0.23338;448670;1;100
FORD TRANSIT VAN;2008;1500001;;OUI;C_CAMION_BUS;0.23338;448670;1;100
FORD TRANSIT VAN 31 10;2006;1500000;;OUI;C_CAMION_BUS;0.23338;448670;1;100
FORD TRANSIT VAN USAGES;2001;1500001;;OUI;C_CAMION_BUS;0.23338;448670;1;100
FORD TRANSIT VAN USAGES;2008;1500001;;OUI;C_CAMION_BUS;0.23338;448670;1;100
FRUEHAUF;1993;2598751;3961;;D_TRACTEUR_ROUTIER;0.19208;597768;1;100
FRUEHAUF TRAILER AUTRES REMORQUES ET SEM;1992;2500001;;OUI;C_CAMION_BUS;0.23338;682050;1;100
FRUEHAUF TRAILER AUTRES REMORQUES ET SEM;1996;2500000;;OUI;C_CAMION_BUS;0.23338;682050;1;100
FRUEHAUF TRAILER AUTRES REMORQUES ET SEM;1999;2500000;;OUI;C_CAMION_BUS;0.23338;682050;1;100
FURUKAWA EXCAVATOR COMPACTEUSES ET ROULE;1999;8765801;13363;;AUTRE/EXONERE;;;1;100
G TERRAIN;2010;3299276;5029;;A_TOURISME_13CV_PLUS;0.40208;1425173;1;100
G TERRAIN;2012;4847342;7389;;A_TOURISME_13CV_PLUS;0.40208;2047619;1;100
GRAND CHEROKEE;2007;2021240;3081;;A_TOURISME_13CV_PLUS;0.40208;911300;1;100
GREAT WALL 10 11 NEUF AUTRES;2024;7393294;11270;;AUTRE/EXONERE;;;1;100
HONDA ACCORD;1988;1500001;;OUI;B_TOURISME_STANDARD;0.31598;572570;1;100
HONDA ACCORD;2000;1500000;;OUI;B_TOURISME_STANDARD;0.31598;572570;1;100
HONDA ACCORD;2001;1500001;;OUI;B_TOURISME_STANDARD;0.31598;572570;1;100
HONDA ACCORD;2006;1500001;;OUI;AUTRE/EXONERE;;;1;100
HONDA ACCORD;2009;2239901;3414;;A_TOURISME_13CV_PLUS;0.40208;999219;1;100
HONDA ACCORD;2015;5716489;8714;;A_TOURISME_13CV_PLUS;0.40208;2397086;1;100
HONDA ACCORD;2016;7815561;11914;;A_TOURISME_13CV_PLUS;0.40208;3241081;1;100
HONDA ACCORD 02;2013;1500001;;OUI;A_TOURISME_13CV_PLUS;0.40208;701720;1;100
HONDA ACCORD 10 ACCIDENTE;2018;6929533;10563;;B_TOURISME_STANDARD;0.31598;2288194;1;100
HONDA ACCORD 21 03;2003;1500001;;OUI;B_TOURISME_STANDARD;0.31598;572570;1;100
HONDA ACCORD ACCIDENTE;2013;1500001;;OUI;A_TOURISME_13CV_PLUS;0.40208;701720;1;100
HONDA ACCORD CROSSTOUR;2011;4404569;6714;;A_TOURISME_13CV_PLUS;0.40208;1869589;1;100
HONDA ACURA;2006;1500001;;OUI;A_TOURISME_13CV_PLUS;0.40208;701720;1;100
HONDA CIVIC;2000;1500001;;OUI;B_TOURISME_STANDARD;0.31598;572570;1;100
HONDA CIVIC;2007;1892898;2885;;B_TOURISME_STANDARD;0.31598;696718;1;100
HONDA CIVIC;2008;2323865;3542;;B_TOURISME_STANDARD;0.31598;832895;1;100
HONDA CIVIC;2013;3561660;5429;;B_TOURISME_STANDARD;0.31598;1224013;1;100
HONDA CIVIC 21 09;2001;1500001;;OUI;B_TOURISME_STANDARD;0.31598;572570;1;100
HONDA CR V;1997;1500001;;OUI;B_TOURISME_STANDARD;0.31598;572570;1;100
HONDA CR V;1998;1500001;;OUI;B_TOURISME_STANDARD;0.31598;572570;1;100
HONDA CR V;2001;1500003;;OUI;B_TOURISME_STANDARD;0.31598;572571;1;100
HONDA CR V;2003;1500001;;OUI;B_TOURISME_STANDARD;0.31598;572570;1;100
HONDA CR V;2018;11062562;16864;;A_TOURISME_13CV_PLUS;0.40208;4546635;1;100
HONDA CR V 01 09;1999;1500000;;OUI;B_TOURISME_STANDARD;0.31598;572570;1;100
HONDA CR V 08;2010;4437367;6764;;A_TOURISME_13CV_PLUS;0.40208;1882777;1;100
HONDA CR V AUTRES;2024;20705939;31565;;AUTRE/EXONERE;;;1;100
HONDA CR V BLACK 09 04;2018;4527590;6902;;AUTRE/EXONERE;;;1;100
HONDA CR V EX L;2007;2349446;3581;;A_TOURISME_13CV_PLUS;0.40208;1043265;1;100
HONDA CR V EX L;2015;6585636;10039;;A_TOURISME_13CV_PLUS;0.40208;2746553;1;100
HONDA CR V GRAVE ACCIDENTE;2008;1500000;;OUI;A_TOURISME_13CV_PLUS;0.40208;701720;1;100
HONDA CR V GRAVE ACCIDENTE;2016;2292556;3494;;A_TOURISME_13CV_PLUS;0.40208;1020391;1;100
HONDA CR V LX;2013;2122110;3234;;A_TOURISME_13CV_PLUS;0.40208;951858;1;100
HONDA CR V PHEV;2007;2349446;3581;;AUTRE/EXONERE;;;1;100
HONDA CR V SE 08;2015;6175661;9414;;A_TOURISME_13CV_PLUS;0.40208;2581710;1;100
HONDA CR V TOURI;2017;8963493;13664;;B_TOURISME_STANDARD;0.31598;2930885;1;100
HONDA CROSSTOUR;2012;5027731;7664;;A_TOURISME_13CV_PLUS;0.40208;2120150;1;100
HONDA CROSSTOUR;2014;5322913;8114;;A_TOURISME_13CV_PLUS;0.40208;2238837;1;100
HONDA CROSSTOUR EX L;2012;4732548;7214;;A_TOURISME_13CV_PLUS;0.40208;2001463;1;100
HONDA CROSSTOUR GRAVE ACCIDENT;2014;2245003;3422;;A_TOURISME_13CV_PLUS;0.40208;1001271;1;100
HONDA CRV;2007;2199446;3352;;B_TOURISME_STANDARD;0.31598;793581;1;100
HONDA CRV GRAVE ACCIDENTE;2012;1500000;;OUI;A_TOURISME_13CV_PLUS;0.40208;701720;1;100
HONDA FR V;2005;1500000;;OUI;B_TOURISME_STANDARD;0.31598;572570;1;100
HONDA FR V;2009;2579462;3932;;B_TOURISME_STANDARD;0.31598;913658;1;100
HONDA FR V 17 05;2005;1500001;;OUI;B_TOURISME_STANDARD;0.31598;572570;1;100
HONDA FROZA;2021;800000;1219;;B_TOURISME_STANDARD;0.31598;351384;1;100
HONDA HR V;1999;1500001;;OUI;B_TOURISME_STANDARD;0.31598;572570;1;100
HONDA HR V;2001;1500001;;OUI;B_TOURISME_STANDARD;0.31598;572570;1;100
HONDA HR V;2002;1500001;;OUI;B_TOURISME_STANDARD;0.31598;572570;1;100
HONDA HR V 23 02;2005;1500001;;OUI;B_TOURISME_STANDARD;0.31598;572570;1;100
HONDA JAZZ;2000;1500001;;OUI;B_TOURISME_STANDARD;0.31598;572570;1;100
HONDA JAZZ 01 12;2004;1500000;;OUI;B_TOURISME_STANDARD;0.31598;572570;1;100
HONDA JAZZ 02 10;2006;1500001;;OUI;B_TOURISME_STANDARD;0.31598;572570;1;100
HONDA JAZZ 06 04;2009;1506967;2297;;B_TOURISME_STANDARD;0.31598;574771;1;100
HONDA JAZZ 08;2002;1500001;;OUI;B_TOURISME_STANDARD;0.31598;572570;1;100
HONDA JAZZ 08 08;2003;1500000;;OUI;B_TOURISME_STANDARD;0.31598;572570;1;100
HONDA JAZZ 08 09;2005;1500001;;OUI;B_TOURISME_STANDARD;0.31598;572570;1;100
HONDA JAZZ 14 04;2004;1500001;;OUI;B_TOURISME_STANDARD;0.31598;572570;1;100
HONDA JAZZ 17 09;2004;1500001;;OUI;B_TOURISME_STANDARD;0.31598;572570;1;100
HONDA JAZZ 18 05;2005;1500001;;OUI;B_TOURISME_STANDARD;0.31598;572570;1;100
HONDA JAZZ 21 10;2005;1500000;;OUI;B_TOURISME_STANDARD;0.31598;572570;1;100
HONDA JAZZ 24 11;2003;1500001;;OUI;B_TOURISME_STANDARD;0.31598;572570;1;100
HONDA JAZZ 25 04;2005;1500001;;OUI;B_TOURISME_STANDARD;0.31598;572570;1;100
HONDA JAZZ 26 08;2002;1500001;;OUI;B_TOURISME_STANDARD;0.31598;572570;1;100
HONDA JAZZ 26 09;2006;1500001;;OUI;B_TOURISME_STANDARD;0.31598;572570;1;100
HONDA JAZZ 27 02;2004;1500001;;OUI;B_TOURISME_STANDARD;0.31598;572570;1;100
HONDA JAZZ 28 07;2003;1500001;;OUI;B_TOURISME_STANDARD;0.31598;572570;1;100
HONDA JAZZ 29 04;2003;1500001;;OUI;B_TOURISME_STANDARD;0.31598;572570;1;100
HONDA JAZZ 29 06;2004;1500001;;OUI;B_TOURISME_STANDARD;0.31598;572570;1;100
HONDA JAZZ 29 10;2004;1500001;;OUI;B_TOURISME_STANDARD;0.31598;572570;1;100
HONDA JAZZ 30 01;2006;1500001;;OUI;B_TOURISME_STANDARD;0.31598;572570;1;100
HONDA JAZZ 30 01;2007;1500001;;OUI;B_TOURISME_STANDARD;0.31598;572570;1;100
HONDA LEGEND;1999;1500001;;OUI;B_TOURISME_STANDARD;0.31598;572570;1;100
HONDA ODYSSEY;2009;3781407;5764;;A_TOURISME_13CV_PLUS;0.40208;1619028;1;100
HONDA ODYSSEY 12;2016;8963491;13664;;A_TOURISME_13CV_PLUS;0.40208;3702640;1;100
HONDA PCX150;2017;158501;241;;B_TOURISME_STANDARD;0.31598;148683;1;100
HONDA PILOT;2007;2508845;3824;;A_TOURISME_13CV_PLUS;0.40208;1107356;1;100
HONDA PILOT;2011;4437367;6764;;A_TOURISME_13CV_PLUS;0.40208;1882777;1;100
HONDA PILOT;2014;4962135;7564;;A_TOURISME_13CV_PLUS;0.40208;2093775;1;100
HONDA PILOT 08;2004;1500000;;OUI;A_TOURISME_13CV_PLUS;0.40208;701720;1;100
HONDA PILOT 11;2012;5454105;8314;;A_TOURISME_13CV_PLUS;0.40208;2291587;1;100
HONDA RIDGELINE;2008;1500001;;OUI;C_CAMION_BUS;0.23338;448670;1;100
HONDA RIDGELINE;2011;1777449;2709;;C_CAMION_BUS;0.23338;513421;1;100
HONDA STREAM;2003;1500001;;OUI;B_TOURISME_STANDARD;0.31598;572570;1;100
HOWO 371;2017;7000001;10671;;C_CAMION_BUS;0.23338;1732260;1;100
HOWO 371 NEUF MODEL 03 AUTRES;2013;11228575;17117;;AUTRE/EXONERE;;;1;100
HOWO 371 NEUF MODEL 11 AUTRES;2013;11228575;17117;;AUTRE/EXONERE;;;1;100
HOWO 371 NEUF MODEL AUTRES;2024;24178677;36859;;AUTRE/EXONERE;;;1;100
HOWO DUMP TRUCK;2019;8500000;12957;;D_TRACTEUR_ROUTIER;0.19208;1731280;1;100
HOWO SPRINKLER TRUCK PRESENTES ENTIEREME;2023;25647918;39099;;AUTRE/EXONERE;;;1;100
HUMMER H2;2005;2148068;3274;;A_TOURISME_13CV_PLUS;0.40208;962295;1;100
HYNDAI SANTA FE;2019;17261385;26314;;AUTRE/EXONERE;;;1;100
HYUNADAI SANTA FE;2014;5634494;8589;;B_TOURISME_STANDARD;0.31598;1878987;1;100
HYUNDA TUCSON;2005;1500001;;OUI;B_TOURISME_STANDARD;0.31598;572570;1;100
HYUNDAI ACCENT;2001;1500001;;OUI;B_TOURISME_STANDARD;0.31598;572570;1;100
HYUNDAI ACCENT;2012;2518684;3839;;B_TOURISME_STANDARD;0.31598;894454;1;100
HYUNDAI ACCENT;2013;2843384;4334;;B_TOURISME_STANDARD;0.31598;997052;1;100
HYUNDAI ATOS;2004;1500000;;OUI;B_TOURISME_STANDARD;0.31598;572570;1;100
HYUNDAI ATOS PRIME;2006;1500000;;OUI;B_TOURISME_STANDARD;0.31598;572570;1;100
HYUNDAI COUPE;2006;1500001;;OUI;B_TOURISME_STANDARD;0.31598;572570;1;100
HYUNDAI ELANTRA;2015;3912599;5964;;B_TOURISME_STANDARD;0.31598;1334903;1;100
HYUNDAI ELANTRA;2016;4867020;7419;;B_TOURISME_STANDARD;0.31598;1636481;1;100
HYUNDAI ELANTRA GRAVE ACCIDENT;2014;1501384;;OUI;B_TOURISME_STANDARD;0.31598;573007;1;100
HYUNDAI ELANTRA GT;2014;3673173;5599;;B_TOURISME_STANDARD;0.31598;1259249;1;100
HYUNDAI ELANTRA GT;2015;3722370;5674;;B_TOURISME_STANDARD;0.31598;1274794;1;100
HYUNDAI ELENTRA 07;2013;3476385;5299;;B_TOURISME_STANDARD;0.31598;1197068;1;100
HYUNDAI GENESIS;2015;5126124;7814;;A_TOURISME_13CV_PLUS;0.40208;2159712;1;100
HYUNDAI GETZ;2004;1500001;;OUI;B_TOURISME_STANDARD;0.31598;572570;1;100
HYUNDAI H 1;2007;1500001;;OUI;C_CAMION_BUS;0.23338;448670;1;100
HYUNDAI H1;2002;1500003;;OUI;C_CAMION_BUS;0.23338;448671;1;100
HYUNDAI H1;2005;1500001;;OUI;C_CAMION_BUS;0.23338;448670;1;100
HYUNDAI H1;2006;1500001;;OUI;C_CAMION_BUS;0.23338;448670;1;100
HYUNDAI H1;2010;1834947;2797;;A_TOURISME_13CV_PLUS;0.40208;836395;1;100
HYUNDAI H1 21 07;2010;1500001;;OUI;C_CAMION_BUS;0.23338;448670;1;100
HYUNDAI H1 22 04;2008;1500001;;OUI;C_CAMION_BUS;0.23338;448670;1;100
HYUNDAI H1 USAGES;2008;1500001;;OUI;C_CAMION_BUS;0.23338;448670;1;100
HYUNDAI H100;1995;1500001;;OUI;AUTRE/EXONERE;;;1;100
HYUNDAI H200;2002;2600001;3963;;C_CAMION_BUS;0.23338;705388;1;100
HYUNDAI I10;2009;1500000;;OUI;B_TOURISME_STANDARD;0.31598;572570;1;100
HYUNDAI I10;2011;1556163;2372;;B_TOURISME_STANDARD;0.31598;590316;1;100
HYUNDAI I20;2009;1569285;2392;;B_TOURISME_STANDARD;0.31598;594463;1;100
HYUNDAI I20;2010;1680796;2562;;B_TOURISME_STANDARD;0.31598;629698;1;100
HYUNDAI I20;2012;1893984;2887;;B_TOURISME_STANDARD;0.31598;697061;1;100
HYUNDAI I20;2013;2235083;3407;;B_TOURISME_STANDARD;0.31598;804842;1;100
HYUNDAI I30;2018;6646413;10132;;B_TOURISME_STANDARD;0.31598;2198734;1;100
HYUNDAI IX20;2012;2061252;3142;;B_TOURISME_STANDARD;0.31598;749914;1;100
HYUNDAI IX35;2011;3120629;4757;;B_TOURISME_STANDARD;0.31598;1084656;1;100
HYUNDAI IX35 08;2010;3120631;4757;;B_TOURISME_STANDARD;0.31598;1084657;1;100
HYUNDAI IX35 29 10;2010;3120629;4757;;B_TOURISME_STANDARD;0.31598;1084656;1;100
HYUNDAI KONA GRAVE ACCIDENTE;2019;2856003;4353;;B_TOURISME_STANDARD;0.31598;1001040;1;100
HYUNDAI MATRIX;2002;1500001;;OUI;B_TOURISME_STANDARD;0.31598;572570;1;100
HYUNDAI MATRIX;2005;1500001;;OUI;B_TOURISME_STANDARD;0.31598;572570;1;100
HYUNDAI SANTA FE;2008;2771228;4224;;A_TOURISME_13CV_PLUS;0.40208;1212855;1;100
HYUNDAI SANTA FE;2018;13424019;20464;;B_TOURISME_STANDARD;0.31598;4340322;1;100
HYUNDAI SANTA FE;2019;16047859;24464;;A_TOURISME_13CV_PLUS;0.40208;6551123;1;100
HYUNDAI SANTA FE 07;2014;6815221;10389;;A_TOURISME_13CV_PLUS;0.40208;2838864;1;100
HYUNDAI SANTA FE 08;2003;1500001;;OUI;A_TOURISME_13CV_PLUS;0.40208;701720;1;100
HYUNDAI SANTA FE 09 11;2007;2771228;4224;;A_TOURISME_13CV_PLUS;0.40208;1212855;1;100
HYUNDAI SANTA FE 10 08;2013;5634494;8589;;B_TOURISME_STANDARD;0.31598;1878987;1;100
HYUNDAI SANTA FE 22 08;2014;6815222;10389;;A_TOURISME_13CV_PLUS;0.40208;2838864;1;100
HYUNDAI SANTA FE 29 08;2013;5634493;8589;;A_TOURISME_13CV_PLUS;0.40208;2364117;1;100
HYUNDAI SANTA FE 30 08;2013;5634494;8589;;A_TOURISME_13CV_PLUS;0.40208;2364117;1;100
HYUNDAI SANTA FE ANNEE;2013;6054104;9229;;AUTRE/EXONERE;;;1;100
HYUNDAI SANTA FE GL;2010;3273037;4989;;A_TOURISME_13CV_PLUS;0.40208;1414623;1;100
HYUNDAI SANTA FE GRA ACCIDENTE;2013;1500001;;OUI;A_TOURISME_13CV_PLUS;0.40208;701720;1;100
HYUNDAI SANTA FE GRAVE ACCIDEN;2013;1903220;2901;;B_TOURISME_STANDARD;0.31598;699979;1;100
HYUNDAI SANTA FE GRV ACCIDENTE;2013;1850972;2821;;A_TOURISME_13CV_PLUS;0.40208;842839;1;100
HYUNDAI SANTA FE GV ACIDENTE;2014;1850972;2821;;B_TOURISME_STANDARD;0.31598;683470;1;100
HYUNDAI SANTA FE M C;2014;5060528;7714;;B_TOURISME_STANDARD;0.31598;1697626;1;100
HYUNDAI SANTA FE SPORT;2013;4994933;7614;;A_TOURISME_13CV_PLUS;0.40208;2106963;1;100
HYUNDAI SANTA FE SPORT;2014;5634494;8589;;A_TOURISME_13CV_PLUS;0.40208;2364117;1;100
HYUNDAI SANTA FE SPORT;2015;6274055;9564;;B_TOURISME_STANDARD;0.31598;2081076;1;100
HYUNDAI SANTA FE SPORT;2017;10996966;16764;;A_TOURISME_13CV_PLUS;0.40208;4520260;1;100
HYUNDAI SANTA FE SPORT BASE;2014;5060529;7714;;A_TOURISME_13CV_PLUS;0.40208;2133338;1;100
HYUNDAI SONATA;2017;6520039;9939;;A_TOURISME_13CV_PLUS;0.40208;2720177;1;100
HYUNDAI SONATA ACCIDENTEE;2015;2336125;3561;;A_TOURISME_13CV_PLUS;0.40208;1037909;1;100
HYUNDAI TCSON;2013;4102826;6254;;A_TOURISME_13CV_PLUS;0.40208;1748264;1;100
HYUNDAI TRAJET;2003;1500000;;OUI;B_TOURISME_STANDARD;0.31598;572570;1;100
HYUNDAI TUCSON;2004;1500000;;OUI;B_TOURISME_STANDARD;0.31598;572570;1;100
HYUNDAI TUCSON;2022;24293276;37034;;A_TOURISME_13CV_PLUS;0.40208;9866440;1;100
HYUNDAI TUCSON 07;2013;4732549;7214;;A_TOURISME_13CV_PLUS;0.40208;2001463;1;100
HYUNDAI TUCSON 08;2004;1500003;;OUI;B_TOURISME_STANDARD;0.31598;572571;1;100
HYUNDAI TUCSON 08 08;2005;1500000;;OUI;B_TOURISME_STANDARD;0.31598;572570;1;100
HYUNDAI TUCSON 10 11;2006;1758855;2681;;B_TOURISME_STANDARD;0.31598;654363;1;100
HYUNDAI TUCSON 16 01 AUTRES;2024;18886282;28791;;AUTRE/EXONERE;;;1;100
HYUNDAI TUCSON 17 08;2017;10373807;15814;;AUTRE/EXONERE;;;1;100
HYUNDAI TUCSON 19 02;2019;11976089;18257;;B_TOURISME_STANDARD;0.31598;3882805;1;100
HYUNDAI TUCSON AUTRES;2023;22635338;34507;;AUTRE/EXONERE;;;1;100
HYUNDAI TUCSON AUTRES;2025;10008000;15256;;AUTRE/EXONERE;;;1;100
HYUNDAI TUCSON GLS;2011;3420629;5214;;A_TOURISME_13CV_PLUS;0.40208;1473967;1;100
HYUNDAI TUCSON GLS;2012;2856503;4354;;A_TOURISME_13CV_PLUS;0.40208;1247143;1;100
HYUNDAI TUCSON GLS;2013;4102827;6254;;A_TOURISME_13CV_PLUS;0.40208;1748265;1;100
HYUNDAI TUCSON GLS 13 12;2012;3719089;5669;;A_TOURISME_13CV_PLUS;0.40208;1593971;1;100
HYUNDAI TUCSON GLS LIMITED;2013;4102826;6254;;A_TOURISME_13CV_PLUS;0.40208;1748264;1;100
HYUNDAI TUCSON GRAVE ACCIDENTE;2011;1621676;2472;;A_TOURISME_13CV_PLUS;0.40208;750643;1;100
HYUNDAI TUCSON GRV ACCIDENTE;2013;1743443;2657;;A_TOURISME_13CV_PLUS;0.40208;799604;1;100
HYUNDAI TUCSON IX35 31 03;2015;4776927;7282;;B_TOURISME_STANDARD;0.31598;1608013;1;100
HYUNDAI TUCSON LIMITED W NAV;2011;1728252;2634;;A_TOURISME_13CV_PLUS;0.40208;793496;1;100
HYUNDAI TUCSON M C;2005;1500000;;OUI;B_TOURISME_STANDARD;0.31598;572570;1;100
HYUNDAI TUCSON M C;2006;1500001;;OUI;B_TOURISME_STANDARD;0.31598;572570;1;100
HYUNDAI TUCSON M C;2011;3164803;4824;;A_TOURISME_13CV_PLUS;0.40208;1371104;1;100
HYUNDAI TUCSON SE;2014;4732549;7214;;A_TOURISME_13CV_PLUS;0.40208;2001463;1;100
HYUNDAI TUCSON SE;2017;7717167;11764;;B_TOURISME_STANDARD;0.31598;2537070;1;100
HYUNDAI TUSCON;2011;3420629;5214;;A_TOURISME_13CV_PLUS;0.40208;1473967;1;100
HYUNDAI TUSCON;2014;4758787;7254;;A_TOURISME_13CV_PLUS;0.40208;2012013;1;100
HYUNDAI VELOSTER;2015;1547371;2358;;B_TOURISME_STANDARD;0.31598;587538;1;100
HYUNDAI VERACRUZ;2007;2453903;3740;;A_TOURISME_13CV_PLUS;0.40208;1085265;1;100
HYUNDAI VERACRUZ;2008;2908980;4434;;A_TOURISME_13CV_PLUS;0.40208;1268243;1;100
HYUNDAI VERACRUZ;2009;2928658;4464;;A_TOURISME_13CV_PLUS;0.40208;1276155;1;100
HYUNDAI VERACRUZ;2010;3273038;4989;;A_TOURISME_13CV_PLUS;0.40208;1414623;1;100
HYUNDAI VERACRUZ;2011;4273377;6514;;A_TOURISME_13CV_PLUS;0.40208;1816839;1;100
HYUNDAY SANTA FE;2013;4995181;7614;;A_TOURISME_13CV_PLUS;0.40208;2107062;1;100
INFINITI EX35;2008;3505903;5344;;A_TOURISME_13CV_PLUS;0.40208;1508253;1;100
INFINITI FX35;2009;3879801;5914;;A_TOURISME_13CV_PLUS;0.40208;1658590;1;100
INFINITI FX35;2011;4732548;7214;;A_TOURISME_13CV_PLUS;0.40208;2001463;1;100
INFINITI QX30;2017;9652249;14714;;B_TOURISME_STANDARD;0.31598;3148518;1;100
INFINITI QX56;2013;4371771;6664;;A_TOURISME_13CV_PLUS;0.40208;1856402;1;100
INFINITI QX60 GRAVE ACCIDENTE;2017;4728913;7208;;A_TOURISME_13CV_PLUS;0.40208;2000001;1;100
INFINITI QX70;2015;8012348;12214;;A_TOURISME_13CV_PLUS;0.40208;3320205;1;100
INFINITI QX80 GRV ACIDENTE;2014;2700003;4115;;A_TOURISME_13CV_PLUS;0.40208;1184217;1;100
INFINITY FX 35 JEEP;2005;1500001;;OUI;AUTRE/EXONERE;;;1;100
IRIBUS ILIADE 16 08 USAGES;2004;10500000;16006;;C_CAMION_BUS;0.23338;2549090;1;100
IRISBUS CROSSWAY USAGES;2000;16517074;25179;;C_CAMION_BUS;0.23338;3953355;1;100
IRISBUS ILIADE USAGES;2003;10499001;16005;;C_CAMION_BUS;0.23338;2548857;1;100
IRISBUS ILIADE USAGES;2007;10715387;16335;;C_CAMION_BUS;0.23338;2599357;1;100
ISUZU 4X2 KV100 131HP AUTRES;2025;12023902;18330;;AUTRE/EXONERE;;;1;100
ISUZU D MAX;2009;1500001;;OUI;C_CAMION_BUS;0.23338;448670;1;100
ISUZU D MAX AUTRES;2025;143197152;218302;;AUTRE/EXONERE;;;1;100
IVECO TRACTOR;1995;10000000;15244;;AUTRE/EXONERE;;;1;100
IVECO TRUCK;1992;2500001;;OUI;C_CAMION_BUS;0.23338;682050;1;100
IVECO TRUCK;1997;2500001;;OUI;D_TRACTEUR_ROUTIER;0.19208;578800;1;100
IVECO TRUCK;1998;2500003;;OUI;D_TRACTEUR_ROUTIER;0.19208;578801;1;100
IVECO TRUCK;2000;2500002;;OUI;C_CAMION_BUS;0.23338;682050;1;100
IVECO TRUCK;2001;2500001;;OUI;D_TRACTEUR_ROUTIER;0.19208;578800;1;100
IVECO TRUCK;2002;2500001;;OUI;D_TRACTEUR_ROUTIER;0.19208;578800;1;100
IVECO TRUCK;2008;3000000;4573;;C_CAMION_BUS;0.23338;798740;1;100
IVECO TRUCK 19 03;2008;5150000;7850;;AUTRE/EXONERE;;;1;100
IVECO TRUCK 190;2001;5000003;7622;;AUTRE/EXONERE;;;1;100
IVECO TRUCK 22 04;2003;5000000;7622;;AUTRE/EXONERE;;;1;100
IVECO TRUCK USAGES;2006;10500000;16006;;C_CAMION_BUS;0.23338;2549090;1;100
J FUSHUN AUTRES;2026;45954847;70057;;AUTRE/EXONERE;;;1;100
JAGUAR S TYPE;2002;1500001;;OUI;A_TOURISME_13CV_PLUS;0.40208;701720;1;100
JAGUAR S TYPE;2003;1500001;;OUI;A_TOURISME_13CV_PLUS;0.40208;701720;1;100
JAGUAR X TYPE 23 10;2003;1500001;;OUI;A_TOURISME_13CV_PLUS;0.40208;701720;1;100
JAGUAR XF;2009;4306177;6564;;A_TOURISME_13CV_PLUS;0.40208;1830028;1;100
JEEP CHEROKEE;2016;9193077;14014;;A_TOURISME_13CV_PLUS;0.40208;3794952;1;100
JEEP COMPASS;2008;2108709;3214;;A_TOURISME_13CV_PLUS;0.40208;946470;1;100
JEEP GRAND CHEROKEE;2005;1500001;;OUI;A_TOURISME_13CV_PLUS;0.40208;701720;1;100
JEEP GRAND CHEROKEE;2011;4158583;6339;;A_TOURISME_13CV_PLUS;0.40208;1770683;1;100
JEEP GRAND CHEROKEE;2013;5716489;8714;;A_TOURISME_13CV_PLUS;0.40208;2397086;1;100
JEEP GRAND CHEROKEE ACCIDENTE;2012;1500001;;OUI;A_TOURISME_13CV_PLUS;0.40208;701720;1;100
JEEP PATRIOT;2008;2108709;3214;;A_TOURISME_13CV_PLUS;0.40208;946470;1;100
JEEP PATRIOT 03 07;2008;2057972;3137;;B_TOURISME_STANDARD;0.31598;748878;1;100
JEEP WRANGLE;2013;5618095;8564;;A_TOURISME_13CV_PLUS;0.40208;2357524;1;100
JEEP WRANGLER;2007;2323862;3542;;A_TOURISME_13CV_PLUS;0.40208;1032978;1;100
JEEP WRANGLER;2014;6470843;9864;;A_TOURISME_13CV_PLUS;0.40208;2700397;1;100
JEEP WRANGLER;2019;12190112;18583;;A_TOURISME_13CV_PLUS;0.40208;5000000;1;100
JEEP WRANGLER 07;2013;5716489;8714;;A_TOURISME_13CV_PLUS;0.40208;2397086;1;100
JETOUR MODEL JF1 G700 ANNEE AUTRES;2026;24399600;37196;;AUTRE/EXONERE;;;1;100
JETOUR T 2 SQRF4J20 AUTRES;2025;16927500;25805;;AUTRE/EXONERE;;;1;100
JETOUR T2 12 AUTRES;2024;15574733;23743;;AUTRE/EXONERE;;;1;100
JETOUR TRAVELLER T2 AUTRES;2025;28614630;43622;;AUTRE/EXONERE;;;1;100
KAISER TRAILER AUTRES REMORQUES ET SEMI ;2000;2500000;;OUI;C_CAMION_BUS;0.23338;682050;1;100
KIA CARENS;2007;1500001;;OUI;B_TOURISME_STANDARD;0.31598;572570;1;100
KIA CARENS;2008;1926780;2937;;B_TOURISME_STANDARD;0.31598;707424;1;100
KIA CARENS;2010;2113730;3222;;B_TOURISME_STANDARD;0.31598;766496;1;100
KIA CARNIVAL;2006;1500000;;OUI;A_TOURISME_13CV_PLUS;0.40208;701720;1;100
KIA CARNIVAL;2009;2130129;3247;;A_TOURISME_13CV_PLUS;0.40208;955082;1;100
KIA CEE D;2006;1500001;;OUI;B_TOURISME_STANDARD;0.31598;572570;1;100
KIA CEE D;2008;1631601;2487;;B_TOURISME_STANDARD;0.31598;614153;1;100
KIA CEE D;2010;1985818;3027;;B_TOURISME_STANDARD;0.31598;726079;1;100
KIA CEE D 04 01;2010;1985818;3027;;B_TOURISME_STANDARD;0.31598;726079;1;100
KIA FORTE;2016;3683013;5614;;B_TOURISME_STANDARD;0.31598;1262358;1;100
KIA FORTE;2017;3420628;5214;;B_TOURISME_STANDARD;0.31598;1179450;1;100
KIA OPTIMA;2012;3273038;4989;;A_TOURISME_13CV_PLUS;0.40208;1414623;1;100
KIA OPTIMA;2014;4207783;6414;;A_TOURISME_13CV_PLUS;0.40208;1790465;1;100
KIA OPTIMA 12;2011;3273037;4989;;A_TOURISME_13CV_PLUS;0.40208;1414623;1;100
KIA PICANTO;2009;1500001;;OUI;B_TOURISME_STANDARD;0.31598;572570;1;100
KIA PICANTO;2010;1500001;;OUI;B_TOURISME_STANDARD;0.31598;572570;1;100
KIA PICANTO;2011;1500001;;OUI;B_TOURISME_STANDARD;0.31598;572570;1;100
KIA PICANTO;2012;1723433;2627;;B_TOURISME_STANDARD;0.31598;643170;1;100
KIA PICANTO 02 11;2006;1500001;;OUI;B_TOURISME_STANDARD;0.31598;572570;1;100
KIA PICANTO 22 09;2006;1500000;;OUI;B_TOURISME_STANDARD;0.31598;572570;1;100
KIA PICANTO 29 05;2007;1500001;;OUI;B_TOURISME_STANDARD;0.31598;572570;1;100
KIA PICANTO 29 06;2005;1500001;;OUI;B_TOURISME_STANDARD;0.31598;572570;1;100
KIA RIO;2008;1500001;;OUI;B_TOURISME_STANDARD;0.31598;572570;1;100
KIA RONDO;2009;2272699;3464;;A_TOURISME_13CV_PLUS;0.40208;1012407;1;100
KIA SEDONA;2016;9029087;13764;;A_TOURISME_13CV_PLUS;0.40208;3729015;1;100
KIA SORENTO;2004;1500001;;OUI;A_TOURISME_13CV_PLUS;0.40208;701720;1;100
KIA SORENTO;2006;1500003;;OUI;A_TOURISME_13CV_PLUS;0.40208;701721;1;100
KIA SORENTO;2009;2674576;4077;;A_TOURISME_13CV_PLUS;0.40208;1173994;1;100
KIA SORENTO EX;2011;3866681;5894;;A_TOURISME_13CV_PLUS;0.40208;1653315;1;100
KIA SORENTO EX;2013;5076928;7739;;A_TOURISME_13CV_PLUS;0.40208;2139931;1;100
KIA SORENTO GRAVE ACCIDENT;2013;2417326;3684;;A_TOURISME_13CV_PLUS;0.40208;1070558;1;100
KIA SORENTO GRAVE ACCIDENTE;2011;1500001;;OUI;A_TOURISME_13CV_PLUS;0.40208;701720;1;100
KIA SORENTO LX;2013;5076927;7739;;A_TOURISME_13CV_PLUS;0.40208;2139931;1;100
KIA SORENTO M C;2011;3866680;5894;;A_TOURISME_13CV_PLUS;0.40208;1653315;1;100
KIA SOUL;2009;1815268;2767;;B_TOURISME_STANDARD;0.31598;672188;1;100
KIA SOUL;2010;2279258;3474;;B_TOURISME_STANDARD;0.31598;818800;1;100
KIA SOUL;2012;2597401;3959;;B_TOURISME_STANDARD;0.31598;919327;1;100
KIA SOUL;2015;3879801;5914;;B_TOURISME_STANDARD;0.31598;1324540;1;100
KIA SOUL;2016;4909657;7484;;B_TOURISME_STANDARD;0.31598;1649953;1;100
KIA SPORTAGE;2001;1500002;;OUI;B_TOURISME_STANDARD;0.31598;572571;1;100
KIA SPORTAGE;2010;2958177;4509;;B_TOURISME_STANDARD;0.31598;1033325;1;100
KIA SPORTAGE 01 01;2006;1500001;;OUI;B_TOURISME_STANDARD;0.31598;572570;1;100
KIA SPORTAGE 08 11;2010;2405631;3667;;A_TOURISME_13CV_PLUS;0.40208;1065856;1;100
KIA SPORTAGE 10 AUTRES;2023;14476263;22068;;AUTRE/EXONERE;;;1;100
KIA SPORTAGE GRAV ACCIDENTE;2020;4888705;7452;;A_TOURISME_13CV_PLUS;0.40208;2064251;1;100
KIA SPORTAGE LX;2012;3699411;5639;;A_TOURISME_13CV_PLUS;0.40208;1586059;1;100
KIA SPORTAGE M C;2007;1895294;2889;;A_TOURISME_13CV_PLUS;0.40208;860660;1;100
KIA SPORTAGE M C;2012;3715810;5664;;A_TOURISME_13CV_PLUS;0.40208;1592653;1;100
KIA SPORTAGE M C;2018;9488258;14464;;A_TOURISME_13CV_PLUS;0.40208;3913639;1;100
KIA TYPE SPORTAGE;2011;3463253;5279;;A_TOURISME_13CV_PLUS;0.40208;1491105;1;100
KOMATSU PC220 7 EXCAVATOR CHARGEUSES ET ;2000;10450000;15930;;AUTRE/EXONERE;;;1;100
LADA NIVA;1990;1500001;;OUI;B_TOURISME_STANDARD;0.31598;572570;1;100
LANCIA PHEDRA 10 05;2007;1500001;;OUI;B_TOURISME_STANDARD;0.31598;572570;1;100
LAND RANGE ROVER VELAR P250;2024;42081173;64152;;A_TOURISME_13CV_PLUS;0.40208;17018598;1;100
LAND ROVER DISCOVERY;2005;1611921;2457;;A_TOURISME_13CV_PLUS;0.40208;746721;1;100
LAND ROVER EVOQUE;2012;5051696;7701;;AUTRE/EXONERE;;;1;100
LAND ROVER FREELANDER;2002;1500001;;OUI;B_TOURISME_STANDARD;0.31598;572570;1;100
LAND ROVER RANGE ROVER EVOQUE;2014;6749626;10289;;B_TOURISME_STANDARD;0.31598;2231347;1;100
LAND ROVER RANGE ROVER EVOQUE;2015;9357067;14264;;B_TOURISME_STANDARD;0.31598;3055246;1;100
LAND ROVER RANGE ROVER EVOQUE;2018;14735939;22464;;B_TOURISME_STANDARD;0.31598;4754862;1;100
LAND ROVER RANGE ROVER SPORT;2010;6077266;9264;;A_TOURISME_13CV_PLUS;0.40208;2542147;1;100
LAND ROVER RANGE ROVER SPORT;2015;13883191;21164;;A_TOURISME_13CV_PLUS;0.40208;5680753;1;100
LAND ROVER RANGE ROVER SPORT AUTRES;2024;48080882;73298;;AUTRE/EXONERE;;;1;100
LANDROVER EVOQUE 1;2017;11320129;17257;;B_TOURISME_STANDARD;0.31598;3675534;1;100
LANDROVER EVOQUE 1 M C;2013;6126463;9339;;B_TOURISME_STANDARD;0.31598;2034440;1;100
LANDROVER RANGE ROVER EVOQUE;2014;6749626;10289;;B_TOURISME_STANDARD;0.31598;2231347;1;100
LANDROVER RANGE ROVER EVOQUE;2015;9357067;14264;;B_TOURISME_STANDARD;0.31598;3055246;1;100
LANDROVER RANGE ROVER EVOQUE;2016;10401785;15857;;B_TOURISME_STANDARD;0.31598;3385356;1;100
LANDROVER RANGE ROVER EVOQUE10;2013;5524499;8421;;B_TOURISME_STANDARD;0.31598;1844231;1;100
LANDROVER RANGE ROVER SPORT;2006;2759851;4207;;A_TOURISME_13CV_PLUS;0.40208;1208281;1;100
LANDROVER RANGE ROVER SPORT;2013;10800179;16464;;A_TOURISME_13CV_PLUS;0.40208;4441136;1;100
LANDROVER RANGE ROVER SPORT;2016;20508386;31264;;A_TOURISME_13CV_PLUS;0.40208;8344612;1;100
LANDROVER RANGE ROVER SPORT;2018;27494360;41914;;A_TOURISME_13CV_PLUS;0.40208;11153532;1;100
LANDROVER RANGE ROVER SPORT AU;2013;10800181;16464;;A_TOURISME_13CV_PLUS;0.40208;4441137;1;100
LANDROVER RANGE ROVER VOGUE;2002;1500001;;OUI;A_TOURISME_13CV_PLUS;0.40208;701720;1;100
LEOPARD FORMULA TITANIUM AUTRES;2025;18596503;28349;;AUTRE/EXONERE;;;1;100
LEXUS ES 300;2002;1500001;;OUI;AUTRE/EXONERE;;;1;100
LEXUS ES 350;2008;2546890;3882;;A_TOURISME_13CV_PLUS;0.40208;1122654;1;100
LEXUS ES 350;2010;3230399;4924;;A_TOURISME_13CV_PLUS;0.40208;1397479;1;100
LEXUS ES 350;2013;8635510;13164;;A_TOURISME_13CV_PLUS;0.40208;3570766;1;100
LEXUS ES 350 08;2011;3519022;5364;;A_TOURISME_13CV_PLUS;0.40208;1513528;1;100
LEXUS GS 300;2000;1500001;;OUI;A_TOURISME_13CV_PLUS;0.40208;701720;1;100
LEXUS GS 300 04 11;1999;1500000;;OUI;A_TOURISME_13CV_PLUS;0.40208;701720;1;100
LEXUS GX 460;2015;21098751;32164;;A_TOURISME_13CV_PLUS;0.40208;8581986;1;100
LEXUS GX 470;2005;4325853;6594;;A_TOURISME_13CV_PLUS;0.40208;1837939;1;100
LEXUS GX 470 07;2007;9914633;15114;;A_TOURISME_13CV_PLUS;0.40208;4085076;1;100
LEXUS GX460;2011;10800179;16464;;A_TOURISME_13CV_PLUS;0.40208;4441136;1;100
LEXUS IS 220;2014;7225197;11014;;A_TOURISME_13CV_PLUS;0.40208;3003707;1;100
LEXUS IS 220 05 05;2009;2448270;3732;;B_TOURISME_STANDARD;0.31598;872204;1;100
LEXUS IS 250;2012;5126124;7814;;A_TOURISME_13CV_PLUS;0.40208;2159712;1;100
LEXUS IS 250 07;2008;3847003;5864;;A_TOURISME_13CV_PLUS;0.40208;1645403;1;100
LEXUS NX 200;2015;9980228;15214;;B_TOURISME_STANDARD;0.31598;3252152;1;100
LEXUS NX 200 11;2015;11587331;17664;;B_TOURISME_STANDARD;0.31598;3759965;1;100
LEXUS NX 200T;2017;13325627;20314;;B_TOURISME_STANDARD;0.31598;4309232;1;100
LEXUS NX 200T BASE;2015;9980228;15214;;B_TOURISME_STANDARD;0.31598;3252152;1;100
LEXUS NX 200T F SPORT;2016;10832976;16514;;B_TOURISME_STANDARD;0.31598;3521604;1;100
LEXUS NX 350 AUTRES;2026;24779818;37776;;AUTRE/EXONERE;;;1;100
LEXUS NX200T;2016;10832977;16514;;B_TOURISME_STANDARD;0.31598;3521604;1;100
LEXUS NX200T 2 0;2015;9324269;14214;;B_TOURISME_STANDARD;0.31598;3044883;1;100
LEXUS NX300;2018;14703141;22414;;B_TOURISME_STANDARD;0.31598;4744498;1;100
LEXUS NX350;2023;27166380;41414;;A_TOURISME_13CV_PLUS;0.40208;11021658;1;100
LEXUS RX;2010;6372449;9714;;A_TOURISME_13CV_PLUS;0.40208;2660834;1;100
LEXUS RX 300;2001;1500000;;OUI;A_TOURISME_13CV_PLUS;0.40208;701720;1;100
LEXUS RX 300;2005;1500001;;OUI;A_TOURISME_13CV_PLUS;0.40208;701720;1;100
LEXUS RX 330 07;2004;1500001;;OUI;A_TOURISME_13CV_PLUS;0.40208;701720;1;100
LEXUS RX 330 07;2005;2364533;3604;;A_TOURISME_13CV_PLUS;0.40208;1049331;1;100
LEXUS RX 330 08;2004;1500001;;OUI;A_TOURISME_13CV_PLUS;0.40208;701720;1;100
LEXUS RX 330 08;2005;2364532;3604;;A_TOURISME_13CV_PLUS;0.40208;1049331;1;100
LEXUS RX 330 BASE;2004;1500001;;OUI;A_TOURISME_13CV_PLUS;0.40208;701720;1;100
LEXUS RX 330 MX;2004;1500000;;OUI;A_TOURISME_13CV_PLUS;0.40208;701720;1;100
LEXUS RX 3350;2011;7126803;10864;;A_TOURISME_13CV_PLUS;0.40208;2964145;1;100
LEXUS RX 350;2005;1500001;;OUI;A_TOURISME_13CV_PLUS;0.40208;701720;1;100
LEXUS RX 350 05;2009;5011332;7639;;A_TOURISME_13CV_PLUS;0.40208;2113556;1;100
LEXUS RX 350 07;2010;7126803;10864;;A_TOURISME_13CV_PLUS;0.40208;2964145;1;100
LEXUS RX 350 07;2017;21557923;32864;;A_TOURISME_13CV_PLUS;0.40208;8766610;1;100
LEXUS RX 350 BASE;2011;6569236;10014;;A_TOURISME_13CV_PLUS;0.40208;2739958;1;100
LEXUS RX 350 F SPORT;2017;17359778;26464;;A_TOURISME_13CV_PLUS;0.40208;7078620;1;100
LEXUS RX 400 07 12;2005;2064533;3147;;A_TOURISME_13CV_PLUS;0.40208;928707;1;100
LEXUS RX 400H;2007;2946798;4492;;A_TOURISME_13CV_PLUS;0.40208;1283449;1;100
LEXUS RX 400H 18 12;2008;4711332;7182;;A_TOURISME_13CV_PLUS;0.40208;1992932;1;100
LEXUS RX 400H BASE;2008;4129065;6294;;A_TOURISME_13CV_PLUS;0.40208;1758814;1;100
LEXUS RX 450;2010;5678873;8657;;A_TOURISME_13CV_PLUS;0.40208;2381961;1;100
LEXUS RX300 09;2005;2064533;3147;;A_TOURISME_13CV_PLUS;0.40208;928707;1;100
LEXUS RX330 08;2004;1500001;;OUI;A_TOURISME_13CV_PLUS;0.40208;701720;1;100
LEXUS RX330 09;2004;1500000;;OUI;A_TOURISME_13CV_PLUS;0.40208;701720;1;100
LEXUS RX330 M C;2004;1500000;;OUI;A_TOURISME_13CV_PLUS;0.40208;701720;1;100
LEXUS RX350;2015;11259351;17164;;A_TOURISME_13CV_PLUS;0.40208;4625760;1;100
LEXUS RX350;2016;14768737;22514;;A_TOURISME_13CV_PLUS;0.40208;6036814;1;100
LEXUS RX350;2018;21557922;32864;;A_TOURISME_13CV_PLUS;0.40208;8766609;1;100
LEXUS RX350 05;2007;3246799;4949;;A_TOURISME_13CV_PLUS;0.40208;1404073;1;100
LEXUS RX350 GRAVE ACCIDENTE;2011;3926805;5986;;A_TOURISME_13CV_PLUS;0.40208;1677490;1;100
LEXUS RX350 M C;2007;3246798;4949;;A_TOURISME_13CV_PLUS;0.40208;1404073;1;100
LEXUS RX350 M C;2010;6372448;9714;;A_TOURISME_13CV_PLUS;0.40208;2660834;1;100
LEXUS RX400;2010;6072449;9257;;A_TOURISME_13CV_PLUS;0.40208;2540210;1;100
LEXUS RX400H;2008;3829066;5837;;A_TOURISME_13CV_PLUS;0.40208;1638191;1;100
LEXUS RX450 12 10;2011;7548359;11507;;A_TOURISME_13CV_PLUS;0.40208;3133644;1;100
LEXUS RX450H;2009;5268898;8032;;A_TOURISME_13CV_PLUS;0.40208;2217119;1;100
LEXUS TYPE RX 330;2004;1500001;;OUI;A_TOURISME_13CV_PLUS;0.40208;701720;1;100
LEXUS UX 200;2019;14047181;21414;;A_TOURISME_13CV_PLUS;0.40208;5746691;1;100
LKW MAN TGA;2008;6400000;9756;;AUTRE/EXONERE;;;1;100
LOW BED TRAILER AUTRES REMORQUES ET SEMI;1994;7500000;11433;;AUTRE/EXONERE;;;1;100
LOW FLATED SEMI TRAILER AUTRES;2025;12878541;19633;;AUTRE/EXONERE;;;1;100
M A N 26 293 DF TM;1998;3155825;4810;;C_CAMION_BUS;0.23338;835106;1;100
M A N 35 372;1991;2500001;;OUI;C_CAMION_BUS;0.23338;682050;1;100
M A N 35 403 31 12;1997;2500001;;OUI;C_CAMION_BUS;0.23338;682050;1;100
M A N TRUCK;1991;2500001;;OUI;C_CAMION_BUS;0.23338;682050;1;100
M A N TRUCK;1993;2500001;;OUI;D_TRACTEUR_ROUTIER;0.19208;578800;1;100
M A N TRUCK;1996;5000001;7622;;AUTRE/EXONERE;;;1;100
M A N TRUCK;1997;2500001;;OUI;C_CAMION_BUS;0.23338;682050;1;100
M A N TRUCK;1998;2500000;;OUI;D_TRACTEUR_ROUTIER;0.19208;578800;1;100
M A N TRUCK;2004;5890501;8979;;AUTRE/EXONERE;;;1;100
M A N TRUCK 05 08;2004;2500000;;OUI;D_TRACTEUR_ROUTIER;0.19208;578800;1;100
M A N TRUCK TGA 18 430;2006;2600000;3963;;D_TRACTEUR_ROUTIER;0.19208;598008;1;100
MAN 18 430;2007;2800001;4268;;D_TRACTEUR_ROUTIER;0.19208;636424;1;100
MAN 26 281;1981;2500000;;OUI;C_CAMION_BUS;0.23338;682050;1;100
MAN 32 414;1999;2500000;;OUI;C_CAMION_BUS;0.23338;682050;1;100
MAN L36 TYPE L2000 18 06;2004;6868694;10471;;AUTRE/EXONERE;;;1;100
MAN TRUCK;2000;2670501;4070;;D_TRACTEUR_ROUTIER;0.19208;611550;1;100
MAN TRUCK;2003;2500001;;OUI;D_TRACTEUR_ROUTIER;0.19208;578800;1;100
MAN TRUCK;2006;10836554;16520;;AUTRE/EXONERE;;;1;100
MAN TRUCK;2007;5600001;8536;;AUTRE/EXONERE;;;1;100
MAN TRUCK;2013;4500003;6860;;D_TRACTEUR_ROUTIER;0.19208;962961;1;100
MAN TRUCK 26 09;2013;16100000;24544;;AUTRE/EXONERE;;;1;100
MASERATI GHIBLI;2017;25526481;38914;;A_TOURISME_13CV_PLUS;0.40208;10362287;1;100
MAXUS D90 MAX AUTRES;2026;30979738;47228;;AUTRE/EXONERE;;;1;100
MAY TOYOTA PRADO 2 4 L AUTRES;2024;39056280;59540;;AUTRE/EXONERE;;;1;100
MAZDA 2;2006;1500001;;OUI;B_TOURISME_STANDARD;0.31598;572570;1;100
MAZDA 2;2008;1500001;;OUI;B_TOURISME_STANDARD;0.31598;572570;1;100
MAZDA 2;2011;1703755;2597;;B_TOURISME_STANDARD;0.31598;636953;1;100
MAZDA 3;2009;2369554;3612;;B_TOURISME_STANDARD;0.31598;847332;1;100
MAZDA 3;2010;2669554;4069;;A_TOURISME_13CV_PLUS;0.40208;1171974;1;100
MAZDA 3;2016;6766025;10314;;AUTRE/EXONERE;;;1;100
MAZDA 3 01 04;2005;1500003;;OUI;B_TOURISME_STANDARD;0.31598;572571;1;100
MAZDA 3 02 12;2003;1500001;;OUI;B_TOURISME_STANDARD;0.31598;572570;1;100
MAZDA 3 29 06;2006;1500001;;OUI;B_TOURISME_STANDARD;0.31598;572570;1;100
MAZDA 3 30 06;2004;1500001;;OUI;B_TOURISME_STANDARD;0.31598;572570;1;100
MAZDA 323;1998;1500001;;OUI;B_TOURISME_STANDARD;0.31598;572570;1;100
MAZDA 323;2000;1500001;;OUI;B_TOURISME_STANDARD;0.31598;572570;1;100
MAZDA 6;1998;1500001;;OUI;B_TOURISME_STANDARD;0.31598;572570;1;100
MAZDA 6;2001;1500000;;OUI;B_TOURISME_STANDARD;0.31598;572570;1;100
MAZDA 6;2007;1500001;;OUI;B_TOURISME_STANDARD;0.31598;572570;1;100
MAZDA 6;2010;2161185;3294;;A_TOURISME_13CV_PLUS;0.40208;967569;1;100
MAZDA 6;2014;4066749;6199;;A_TOURISME_13CV_PLUS;0.40208;1733758;1;100
MAZDA 6 04 08;2005;1500000;;OUI;B_TOURISME_STANDARD;0.31598;572570;1;100
MAZDA 6 16 12;2005;1500001;;OUI;B_TOURISME_STANDARD;0.31598;572570;1;100
MAZDA 6 30 09;2003;1500001;;OUI;B_TOURISME_STANDARD;0.31598;572570;1;100
MAZDA 626;1997;1500001;;OUI;B_TOURISME_STANDARD;0.31598;572570;1;100
MAZDA 626;2001;1500001;;OUI;B_TOURISME_STANDARD;0.31598;572570;1;100
MAZDA 626;2005;1500000;;OUI;B_TOURISME_STANDARD;0.31598;572570;1;100
MAZDA 626 03 02;2000;1500001;;OUI;B_TOURISME_STANDARD;0.31598;572570;1;100
MAZDA 626 04 04;2000;1500001;;OUI;B_TOURISME_STANDARD;0.31598;572570;1;100
MAZDA BONGO;1987;1500001;;OUI;C_CAMION_BUS;0.23338;448670;1;100
MAZDA CX 5;2013;5913277;9014;;B_TOURISME_STANDARD;0.31598;1967077;1;100
MAZDA CX 5;2014;6585636;10039;;A_TOURISME_13CV_PLUS;0.40208;2746553;1;100
MAZDA CX 5 AUTRES;2025;19441696;29638;;AUTRE/EXONERE;;;1;100
MAZDA CX 9;2007;2071975;3158;;A_TOURISME_13CV_PLUS;0.40208;931700;1;100
MAZDA CX 9;2010;3676453;5604;;A_TOURISME_13CV_PLUS;0.40208;1576828;1;100
MAZDA CX 9 GRAVE ACCIDENTE;2021;2117492;3227;;A_TOURISME_13CV_PLUS;0.40208;950001;1;100
MAZDA CX5;2012;5531282;8432;;B_TOURISME_STANDARD;0.31598;1846374;1;100
MAZDA CX5;2016;8438725;12864;;A_TOURISME_13CV_PLUS;0.40208;3491643;1;100
MAZDA CX7;2007;1773943;2704;;A_TOURISME_13CV_PLUS;0.40208;811867;1;100
MAZDA CX7;2012;3622438;5522;;A_TOURISME_13CV_PLUS;0.40208;1555110;1;100
MAZDA CX9;2007;2075911;3164;;A_TOURISME_13CV_PLUS;0.40208;933282;1;100
MAZDA E;1995;2500001;;OUI;C_CAMION_BUS;0.23338;682050;1;100
MAZDA E;1997;1500001;;OUI;C_CAMION_BUS;0.23338;448670;1;100
MAZDA E 2200;1992;1500000;;OUI;C_CAMION_BUS;0.23338;448670;1;100
MAZDA E 2200;1994;1500001;;OUI;C_CAMION_BUS;0.23338;448670;1;100
MAZDA MPV;2004;1500000;;OUI;A_TOURISME_13CV_PLUS;0.40208;701720;1;100
MAZDA MPV;2006;1500001;;OUI;B_TOURISME_STANDARD;0.31598;572570;1;100
MAZDA MPV 24 07;2002;1500000;;OUI;B_TOURISME_STANDARD;0.31598;572570;1;100
MAZDA PREMACY;2000;1500000;;OUI;B_TOURISME_STANDARD;0.31598;572570;1;100
MAZDA PREMACY;2002;1500001;;OUI;B_TOURISME_STANDARD;0.31598;572570;1;100
MAZDA PREMACY 12 01;2003;1500001;;OUI;B_TOURISME_STANDARD;0.31598;572570;1;100
MAZDA PREMACY 22 03;2004;1500001;;OUI;B_TOURISME_STANDARD;0.31598;572570;1;100
MAZDA XEDOS 6;2002;1500001;;OUI;B_TOURISME_STANDARD;0.31598;572570;1;100
MAZDA3;2010;2669555;4069;;B_TOURISME_STANDARD;0.31598;942126;1;100
MB B 200;2005;1500001;;OUI;B_TOURISME_STANDARD;0.31598;572570;1;100
MERCDES BENZ ML 350;2014;8930695;13614;;A_TOURISME_13CV_PLUS;0.40208;3689454;1;100
MERCEDES ACTROS;2008;2800001;4268;;C_CAMION_BUS;0.23338;752064;1;100
MERCEDES AMG GLC 43;2018;18704497;28514;;A_TOURISME_13CV_PLUS;0.40208;7619304;1;100
MERCEDES B150;2008;1920222;2927;;B_TOURISME_STANDARD;0.31598;705352;1;100
MERCEDES BEN TRUCK;1989;2500000;;OUI;C_CAMION_BUS;0.23338;682050;1;100
MERCEDES BENZ;2004;1500000;;OUI;B_TOURISME_STANDARD;0.31598;572570;1;100
MERCEDES BENZ 1120;1998;2500003;;OUI;C_CAMION_BUS;0.23338;682051;1;100
MERCEDES BENZ 1417;2001;2500001;;OUI;D_TRACTEUR_ROUTIER;0.19208;578800;1;100
MERCEDES BENZ 190E;1992;1500001;;OUI;B_TOURISME_STANDARD;0.31598;572570;1;100
MERCEDES BENZ 208 USAGES;1990;2500000;;OUI;C_CAMION_BUS;0.23338;682050;1;100
MERCEDES BENZ 2633;2007;4200000;6402;;AUTRE/EXONERE;;;1;100
MERCEDES BENZ 300;2016;10636189;16214;;B_TOURISME_STANDARD;0.31598;3459423;1;100
MERCEDES BENZ 609 USAGES;1993;4152228;6329;;C_CAMION_BUS;0.23338;1067647;1;100
MERCEDES BENZ 813;1998;2500003;;OUI;C_CAMION_BUS;0.23338;682051;1;100
MERCEDES BENZ A140;2002;1500001;;OUI;B_TOURISME_STANDARD;0.31598;572570;1;100
MERCEDES BENZ A150;2004;1500000;;OUI;B_TOURISME_STANDARD;0.31598;572570;1;100
MERCEDES BENZ A150;2005;1500000;;OUI;B_TOURISME_STANDARD;0.31598;572570;1;100
MERCEDES BENZ A170;2005;1500001;;OUI;B_TOURISME_STANDARD;0.31598;572570;1;100
MERCEDES BENZ A220;2021;21328337;32514;;B_TOURISME_STANDARD;0.31598;6837928;1;100
MERCEDES BENZ B 180;2012;3327255;5072;;B_TOURISME_STANDARD;0.31598;1149946;1;100
MERCEDES BENZ B 200;2008;2202285;3357;;B_TOURISME_STANDARD;0.31598;794478;1;100
MERCEDES BENZ C 200;1999;1500000;;OUI;B_TOURISME_STANDARD;0.31598;572570;1;100
MERCEDES BENZ C 300;2013;6602035;10064;;A_TOURISME_13CV_PLUS;0.40208;2753146;1;100
MERCEDES BENZ C 350;2008;2902420;4424;;A_TOURISME_13CV_PLUS;0.40208;1265605;1;100
MERCEDES BENZ C CLASS;2005;1520968;2318;;A_TOURISME_13CV_PLUS;0.40208;710151;1;100
MERCEDES BENZ C CLASS C 400;2015;8340328;12714;;A_TOURISME_13CV_PLUS;0.40208;3452079;1;100
MERCEDES BENZ C CLASS C300;2012;4994933;7614;;A_TOURISME_13CV_PLUS;0.40208;2106963;1;100
MERCEDES BENZ C CLASS C300;2014;6831621;10414;;A_TOURISME_13CV_PLUS;0.40208;2845458;1;100
MERCEDES BENZ C CLASS C300;2015;8865097;13514;;B_TOURISME_STANDARD;0.31598;2899793;1;100
MERCEDES BENZ C CLASSE C 280;2006;2221533;3386;;A_TOURISME_13CV_PLUS;0.40208;991834;1;100
MERCEDES BENZ C180;1999;1500003;;OUI;B_TOURISME_STANDARD;0.31598;572571;1;100
MERCEDES BENZ C180;2000;1500001;;OUI;B_TOURISME_STANDARD;0.31598;572570;1;100
MERCEDES BENZ C180;2004;1500000;;OUI;B_TOURISME_STANDARD;0.31598;572570;1;100
MERCEDES BENZ C180;2005;1500000;;OUI;B_TOURISME_STANDARD;0.31598;572570;1;100
MERCEDES BENZ C180 10 10;1997;1500001;;OUI;B_TOURISME_STANDARD;0.31598;572570;1;100
MERCEDES BENZ C200;2007;1989752;3033;;B_TOURISME_STANDARD;0.31598;727322;1;100
MERCEDES BENZ C200 09;2004;1500001;;OUI;B_TOURISME_STANDARD;0.31598;572570;1;100
MERCEDES BENZ C200 31 01;2008;2221964;3387;;B_TOURISME_STANDARD;0.31598;800696;1;100
MERCEDES BENZ C250;2012;4994933;7614;;B_TOURISME_STANDARD;0.31598;1676899;1;100
MERCEDES BENZ C250;2013;6602034;10064;;B_TOURISME_STANDARD;0.31598;2184711;1;100
MERCEDES BENZ C300;2010;4207783;6414;;A_TOURISME_13CV_PLUS;0.40208;1790465;1;100
MERCEDES BENZ C300;2011;4306175;6564;;A_TOURISME_13CV_PLUS;0.40208;1830027;1;100
MERCEDES BENZ C300;2013;5145802;7844;;A_TOURISME_13CV_PLUS;0.40208;2167624;1;100
MERCEDES BENZ C300 10 AUTRES;2023;29199878;44514;;AUTRE/EXONERE;;;1;100
MERCEDES BENZ C300 GRAVE ACCID;2022;12346879;18822;;B_TOURISME_STANDARD;0.31598;3999967;1;100
MERCEDES BENZ C300 SPORT 4MATI;2012;5618095;8564;;A_TOURISME_13CV_PLUS;0.40208;2357524;1;100
MERCEDES BENZ C350 4MATIC;2008;2902420;4424;;A_TOURISME_13CV_PLUS;0.40208;1265605;1;100
MERCEDES BENZ CLA 250;2014;6536439;9964;;B_TOURISME_STANDARD;0.31598;2163984;1;100
MERCEDES BENZ CLA 250;2016;3000003;4573;;B_TOURISME_STANDARD;0.31598;1046541;1;100
MERCEDES BENZ CLA 250 10;2014;8077944;12314;;B_TOURISME_STANDARD;0.31598;2651069;1;100
MERCEDES BENZ CLA 250 GV ACCID;2016;3000003;4573;;B_TOURISME_STANDARD;0.31598;1046541;1;100
MERCEDES BENZ CLA CLASS;2002;1500003;;OUI;B_TOURISME_STANDARD;0.31598;572571;1;100
MERCEDES BENZ CLASS A 200;2013;4143925;6317;;B_TOURISME_STANDARD;0.31598;1407997;1;100
MERCEDES BENZ CLASS S;2006;2157678;3289;;A_TOURISME_13CV_PLUS;0.40208;966159;1;100
MERCEDES BENZ E 350;2010;4699750;7164;;A_TOURISME_13CV_PLUS;0.40208;1988275;1;100
MERCEDES BENZ E CLASS E 320;2005;1562950;2382;;A_TOURISME_13CV_PLUS;0.40208;727031;1;100
MERCEDES BENZ E CLASS E 350;2010;4207781;6414;;A_TOURISME_13CV_PLUS;0.40208;1790465;1;100
MERCEDES BENZ E300;2018;15687081;23914;;B_TOURISME_STANDARD;0.31598;5055404;1;100
MERCEDES BENZ E350;2014;7094004;10814;;A_TOURISME_13CV_PLUS;0.40208;2950957;1;100
MERCEDES BENZ E350 4M;2012;1958764;2985;;AUTRE/EXONERE;;;1;100
MERCEDES BENZ E3504M;2015;9914632;15114;;A_TOURISME_13CV_PLUS;0.40208;4085075;1;100
MERCEDES BENZ GL 500;2013;11648109;17757;;A_TOURISME_13CV_PLUS;0.40208;4782072;1;100
MERCEDES BENZ GL450;2013;7946753;12114;;A_TOURISME_13CV_PLUS;0.40208;3293830;1;100
MERCEDES BENZ GLA 250;2016;11488937;17514;;B_TOURISME_STANDARD;0.31598;3728874;1;100
MERCEDES BENZ GLA 250 GR ACCID;2015;1745401;2660;;B_TOURISME_STANDARD;0.31598;650112;1;100
MERCEDES BENZ GLA CLASS;2019;15687081;23914;;B_TOURISME_STANDARD;0.31598;5055404;1;100
MERCEDES BENZ GLC 300;2016;11882513;18114;;B_TOURISME_STANDARD;0.31598;3853236;1;100
MERCEDES BENZ GLC 300;2017;13653605;20814;;B_TOURISME_STANDARD;0.31598;4412866;1;100
MERCEDES BENZ GLC 300;2018;17523771;26714;;B_TOURISME_STANDARD;0.31598;5635761;1;100
MERCEDES BENZ GLC 43;2019;20541184;31314;;A_TOURISME_13CV_PLUS;0.40208;8357799;1;100
MERCEDES BENZ GLC CLASS GLC300;2017;18934083;28864;;B_TOURISME_STANDARD;0.31598;6081392;1;100
MERCEDES BENZ GLC CLASS GLC300;2018;13404340;20434;;B_TOURISME_STANDARD;0.31598;4334103;1;100
MERCEDES BENZ GLC300;2019;21590721;32914;;B_TOURISME_STANDARD;0.31598;6920836;1;100
MERCEDES BENZ GLE 350 4MATIC;2017;18934083;28864;;A_TOURISME_13CV_PLUS;0.40208;7711616;1;100
MERCEDES BENZ GLE 350 4MATIC;2020;33596801;51217;;B_TOURISME_STANDARD;0.31598;10714517;1;100
MERCEDES BENZ GLE 43 AMG;2017;18507709;28214;;A_TOURISME_13CV_PLUS;0.40208;7540180;1;100
MERCEDES BENZ GLE 43 AMG 4MATI;2017;17786153;27114;;A_TOURISME_13CV_PLUS;0.40208;7250056;1;100
MERCEDES BENZ GLE 450 AMG;2016;15162312;23114;;A_TOURISME_13CV_PLUS;0.40208;6195062;1;100
MERCEDES BENZ GLE 53;2021;54716701;83414;;A_TOURISME_13CV_PLUS;0.40208;22099091;1;100
MERCEDES BENZ GLE 53 AMG;2020;35197073;53657;;A_TOURISME_13CV_PLUS;0.40208;14250639;1;100
MERCEDES BENZ GLE COUPE 43 AMG;2017;19622841;29914;;A_TOURISME_13CV_PLUS;0.40208;7988552;1;100
MERCEDES BENZ GLE350 M C;2016;14867130;22664;;A_TOURISME_13CV_PLUS;0.40208;6076376;1;100
MERCEDES BENZ GLE400;2017;20082013;30614;;A_TOURISME_13CV_PLUS;0.40208;8173176;1;100
MERCEDES BENZ GLE450;2019;26838400;40914;;A_TOURISME_13CV_PLUS;0.40208;10889784;1;100
MERCEDES BENZ GLK 350 4MATIC;2012;6749626;10289;;A_TOURISME_13CV_PLUS;0.40208;2812490;1;100
MERCEDES BENZ GLK 350 4MATIC;2013;5224519;7964;;A_TOURISME_13CV_PLUS;0.40208;2199275;1;100
MERCEDES BENZ GLK CLASS GLK350;2012;6749628;10289;;A_TOURISME_13CV_PLUS;0.40208;2812490;1;100
MERCEDES BENZ GLK GLK 350;2014;6859601;10457;;A_TOURISME_13CV_PLUS;0.40208;2856708;1;100
MERCEDES BENZ GLK250;2015;9357067;14264;;B_TOURISME_STANDARD;0.31598;3055246;1;100
MERCEDES BENZ GLK280 10;2008;3022235;4607;;A_TOURISME_13CV_PLUS;0.40208;1313780;1;100
MERCEDES BENZ GLK350;2013;5224518;7964;;A_TOURISME_13CV_PLUS;0.40208;2199274;1;100
MERCEDES BENZ GLK350 4MATIC;2010;4552159;6939;;A_TOURISME_13CV_PLUS;0.40208;1928932;1;100
MERCEDES BENZ M CLASS;2003;1500001;;OUI;A_TOURISME_13CV_PLUS;0.40208;701720;1;100
MERCEDES BENZ ML 320 CDI;2006;1992378;3037;;A_TOURISME_13CV_PLUS;0.40208;899695;1;100
MERCEDES BENZ ML 350;2007;2929971;4466;;A_TOURISME_13CV_PLUS;0.40208;1276683;1;100
MERCEDES BENZ ML 350 18 10;2012;7253177;11057;;A_TOURISME_13CV_PLUS;0.40208;3014957;1;100
MERCEDES BENZ ML 350 29 12;2010;5236403;7982;;A_TOURISME_13CV_PLUS;0.40208;2204053;1;100
MERCEDES BENZ ML 350 ACCIDENTE;2014;3930693;5992;;A_TOURISME_13CV_PLUS;0.40208;1679053;1;100
MERCEDES BENZ ML 350 G ACCIDEN;2012;2299446;3505;;A_TOURISME_13CV_PLUS;0.40208;1023161;1;100
MERCEDES BENZ ML 500;2006;2371093;3614;;A_TOURISME_13CV_PLUS;0.40208;1051969;1;100
MERCEDES BENZ ML 550;2014;9455460;14414;;A_TOURISME_13CV_PLUS;0.40208;3900451;1;100
MERCEDES BENZ ML350;2009;3761728;5734;;A_TOURISME_13CV_PLUS;0.40208;1611116;1;100
MERCEDES BENZ ML350 08;2009;4552160;6939;;A_TOURISME_13CV_PLUS;0.40208;1928932;1;100
MERCEDES BENZ ML350 GRAVE ACCI;2008;1620465;2470;;A_TOURISME_13CV_PLUS;0.40208;750157;1;100
MERCEDES BENZ S350;2011;4629337;7057;;A_TOURISME_13CV_PLUS;0.40208;1959964;1;100
MERCEDES BENZ S500;1999;1500001;;OUI;A_TOURISME_13CV_PLUS;0.40208;701720;1;100
MERCEDES BENZ S500;2001;1500000;;OUI;B_TOURISME_STANDARD;0.31598;572570;1;100
MERCEDES BENZ SLC;2017;13128836;20014;;B_TOURISME_STANDARD;0.31598;4247050;1;100
MERCEDES BENZ SLK250 ACCIDENTE;2014;1813044;2763;;B_TOURISME_STANDARD;0.31598;671486;1;100
MERCEDES BENZ SLK280;2006;1685388;2569;;A_TOURISME_13CV_PLUS;0.40208;776261;1;100
MERCEDES BENZ SPRINTER;2004;1690635;2577;;C_CAMION_BUS;0.23338;493160;1;100
MERCEDES BENZ SPRINTER;2014;4596539;7007;;B_TOURISME_STANDARD;0.31598;1551014;1;100
MERCEDES BENZ SPRINTER USAGES;2000;1500001;;OUI;C_CAMION_BUS;0.23338;448670;1;100
MERCEDES BENZ SPRINTER USAGES;2011;1500001;;OUI;C_CAMION_BUS;0.23338;448670;1;100
MERCEDES BENZ SPRINTER USAGES;2013;3576523;5452;;C_CAMION_BUS;0.23338;933289;1;100
MERCEDES BENZ TRUCK;2007;2700001;4115;;D_TRACTEUR_ROUTIER;0.19208;617216;1;100
MERCEDES BENZ VANEO;2002;1500001;;OUI;B_TOURISME_STANDARD;0.31598;572570;1;100
MERCEDES BENZ VITO;1999;1500000;;OUI;C_CAMION_BUS;0.23338;448670;1;100
MERCEDES BENZ VITO USAGES;2013;2976317;4537;;C_CAMION_BUS;0.23338;793213;1;100
MERCEDES C300 ACCIDENTE;2013;2767631;4219;;A_TOURISME_13CV_PLUS;0.40208;1211409;1;100
MERCEDES CLA 180;2014;6236439;9507;;B_TOURISME_STANDARD;0.31598;2069190;1;100
MERCEDES CLK 220 01 07;2003;1500001;;OUI;B_TOURISME_STANDARD;0.31598;572570;1;100
MERCEDES E350;2006;1951277;2974;;A_TOURISME_13CV_PLUS;0.40208;883169;1;100
MERCEDES GLA 250;2019;15687081;23914;;B_TOURISME_STANDARD;0.31598;5055404;1;100
MERCEDES GLC COUPE 300 4MATIC;2017;16211849;24714;;A_TOURISME_13CV_PLUS;0.40208;6617060;1;100
MERCEDES GLK 350;2015;7618773;11614;;A_TOURISME_13CV_PLUS;0.40208;3161956;1;100
MERCEDES GLK 350 M C;2014;8930692;13614;;A_TOURISME_13CV_PLUS;0.40208;3689453;1;100
MERCEDES GLS 450;2017;18966881;28914;;A_TOURISME_13CV_PLUS;0.40208;7724804;1;100
MERCEDES GLS 550;2016;23230621;35414;;A_TOURISME_13CV_PLUS;0.40208;9439168;1;100
MERCEDES GLS450;2018;24345752;37114;;A_TOURISME_13CV_PLUS;0.40208;9887540;1;100
MERCEDES ML 250;2010;4252401;6482;;A_TOURISME_13CV_PLUS;0.40208;1808405;1;100
MERCEDES ML320 02 11;2006;2572245;3921;;A_TOURISME_13CV_PLUS;0.40208;1132848;1;100
MERCEDES ML400;2015;12662665;19303;;AUTRE/EXONERE;;;1;100
MERCEDES R320;2009;3387831;5164;;A_TOURISME_13CV_PLUS;0.40208;1460779;1;100
MERCEDES SLK200 10;2007;2608979;3977;;B_TOURISME_STANDARD;0.31598;922985;1;100
MERCERDES ML250;2013;6761209;10307;;A_TOURISME_13CV_PLUS;0.40208;2817147;1;100
MG ZS AUTRES;2026;8560773;13050;;AUTRE/EXONERE;;;1;100
MG3 MG3 25 11 AUTRES;2025;171981938;262184;;AUTRE/EXONERE;;;1;100
MG5 AUTRES;2026;97281914;148305;;AUTRE/EXONERE;;;1;100
MINI COOPER;2003;1500000;;OUI;B_TOURISME_STANDARD;0.31598;572570;1;100
MINI COOPER;2004;1500001;;OUI;B_TOURISME_STANDARD;0.31598;572570;1;100
MINI COUNTRYMAN;2013;1500000;;OUI;AUTRE/EXONERE;;;1;100
MINI ONE;2006;1500003;;OUI;B_TOURISME_STANDARD;0.31598;572571;1;100
MITSUBISH MONTERO;1998;1500000;;OUI;A_TOURISME_13CV_PLUS;0.40208;701720;1;100
MITSUBISHI ASX;2011;3694594;5632;;B_TOURISME_STANDARD;0.31598;1266018;1;100
MITSUBISHI ASX;2016;5826464;8882;;B_TOURISME_STANDARD;0.31598;1939646;1;100
MITSUBISHI CANTER;1990;2500003;;OUI;C_CAMION_BUS;0.23338;682051;1;100
MITSUBISHI CANTER;1999;2500001;;OUI;C_CAMION_BUS;0.23338;682050;1;100
MITSUBISHI CANTER;2002;2500001;;OUI;C_CAMION_BUS;0.23338;682050;1;100
MITSUBISHI CANTER;2004;2482177;3783;;C_CAMION_BUS;0.23338;677890;1;100
MITSUBISHI CANTER;2006;2500000;;OUI;C_CAMION_BUS;0.23338;682050;1;100
MITSUBISHI CANTER;2007;2700000;4115;;C_CAMION_BUS;0.23338;728726;1;100
MITSUBISHI FUSO;2008;2500003;;OUI;C_CAMION_BUS;0.23338;682051;1;100
MITSUBISHI L200;1992;1500001;;OUI;C_CAMION_BUS;0.23338;448670;1;100
MITSUBISHI L200;2003;1500001;;OUI;C_CAMION_BUS;0.23338;448670;1;100
MITSUBISHI L200;2014;4970436;7577;;C_CAMION_BUS;0.23338;1258600;1;100
MITSUBISHI L200 NEUF AUTRES;2023;66907613;101999;;AUTRE/EXONERE;;;1;100
MITSUBISHI L300;1989;1500000;;OUI;C_CAMION_BUS;0.23338;448670;1;100
MITSUBISHI L300;1990;1500001;;OUI;C_CAMION_BUS;0.23338;448670;1;100
MITSUBISHI L300;1994;1500000;;OUI;C_CAMION_BUS;0.23338;448670;1;100
MITSUBISHI L300;1997;1500000;;OUI;C_CAMION_BUS;0.23338;448670;1;100
MITSUBISHI L300 23 11;1999;2500000;;OUI;C_CAMION_BUS;0.23338;682050;1;100
MITSUBISHI L300 27 06;1990;1500001;;OUI;C_CAMION_BUS;0.23338;448670;1;100
MITSUBISHI L300 USAGES;1994;1500001;;OUI;C_CAMION_BUS;0.23338;448670;1;100
MITSUBISHI LANCER 15 07;2009;3596202;5482;;B_TOURISME_STANDARD;0.31598;1234928;1;100
MITSUBISHI MONTERO;2001;1500001;;OUI;A_TOURISME_13CV_PLUS;0.40208;701720;1;100
MITSUBISHI OUTLANDER;2005;1500001;;OUI;B_TOURISME_STANDARD;0.31598;572570;1;100
MITSUBISHI OUTLANDER;2006;1831011;2791;;A_TOURISME_13CV_PLUS;0.40208;834813;1;100
MITSUBISHI OUTLANDER;2009;2920721;4452;;A_TOURISME_13CV_PLUS;0.40208;1272963;1;100
MITSUBISHI OUTLANDER;2016;7799162;11889;;B_TOURISME_STANDARD;0.31598;2562979;1;100
MITSUBISHI OUTLANDER;2017;9488259;14464;;A_TOURISME_13CV_PLUS;0.40208;3913639;1;100
MITSUBISHI OUTLANDER GRAVE AC;2016;1729003;2635;;A_TOURISME_13CV_PLUS;0.40208;793798;1;100
MITSUBISHI OUTLANDER M C 07;2008;2602419;3967;;B_TOURISME_STANDARD;0.31598;920912;1;100
MITSUBISHI PAJERO;2003;1500001;;OUI;A_TOURISME_13CV_PLUS;0.40208;701720;1;100
MITSUBISHI PAJERO;2005;2084212;3177;;AUTRE/EXONERE;;;1;100
MITSUBISHI PAJERO;2012;4535760;6914;;A_TOURISME_13CV_PLUS;0.40208;1922338;1;100
MITSUBISHI PAJERO;2014;2915688;4444;;A_TOURISME_13CV_PLUS;0.40208;1270940;1;100
MITSUBISHI PAJERO PININ;2004;1501015;;OUI;B_TOURISME_STANDARD;0.31598;572891;1;100
MITSUBISHI ROSA BUS;2005;6425000;9794;;C_CAMION_BUS;0.23338;1598066;1;100
MITSUBISHI ROSA BUS;2006;6425000;9794;;C_CAMION_BUS;0.23338;1598066;1;100
MITSUBISHI RVR;2011;3715811;5664;;B_TOURISME_STANDARD;0.31598;1272722;1;100
MITSUBISHI RVR;2012;4014272;6119;;B_TOURISME_STANDARD;0.31598;1367030;1;100
MITSUBISHI RVR;2013;4384889;6684;;B_TOURISME_STANDARD;0.31598;1484137;1;100
MITSUBISHI RVR ACCIDENTE;2012;1637367;2495;;A_TOURISME_13CV_PLUS;0.40208;756953;1;100
MITSUBISHI SPACE RUNNER;1999;1500001;;OUI;B_TOURISME_STANDARD;0.31598;572570;1;100
MITSUBISHI SPACE STAR;1999;1500001;;OUI;B_TOURISME_STANDARD;0.31598;572570;1;100
MITSUBISHI SPACE STAR;2004;1500001;;OUI;B_TOURISME_STANDARD;0.31598;572570;1;100
MITSUBISHI SPACE WAGON;1999;1500000;;OUI;A_TOURISME_13CV_PLUS;0.40208;701720;1;100
MITSUBISHI SPACE WAGON;2000;1500001;;OUI;B_TOURISME_STANDARD;0.31598;572570;1;100
NEW PEUGEOT ACTIVE NEUF AUTRES;2008;13083713;19945;;AUTRE/EXONERE;;;1;100
NEW PEUGEOT NEUF AUTRES;2008;13814672;21060;;AUTRE/EXONERE;;;1;100
NEW TOYOTA LAND CRUISER MODEL AUTRES;2024;62994000;96033;;AUTRE/EXONERE;;;1;100
NISSAN ALMERA;2001;1500001;;OUI;B_TOURISME_STANDARD;0.31598;572570;1;100
NISSAN ALMERA 17 11;2006;1500001;;OUI;B_TOURISME_STANDARD;0.31598;572570;1;100
NISSAN ALMERA 29 06;2006;1500001;;OUI;B_TOURISME_STANDARD;0.31598;572570;1;100
NISSAN ALMERA 29 09;2005;1500001;;OUI;B_TOURISME_STANDARD;0.31598;572570;1;100
NISSAN ALMERA TINO;2001;1500000;;OUI;B_TOURISME_STANDARD;0.31598;572570;1;100
NISSAN ALMERA TINO;2007;1500001;;OUI;B_TOURISME_STANDARD;0.31598;572570;1;100
NISSAN ALMERA TINO 08;2004;1500001;;OUI;B_TOURISME_STANDARD;0.31598;572570;1;100
NISSAN ALMERA TINO 12 08;2004;1500001;;OUI;B_TOURISME_STANDARD;0.31598;572570;1;100
NISSAN ALMERA TINO 13 02;2004;1500001;;OUI;B_TOURISME_STANDARD;0.31598;572570;1;100
NISSAN ALMERA TINO 15 11;2004;1500001;;OUI;B_TOURISME_STANDARD;0.31598;572570;1;100
NISSAN ALMERA TINO 23 08;2005;1500001;;OUI;B_TOURISME_STANDARD;0.31598;572570;1;100
NISSAN ALMERA TINO 24 08;2004;1500001;;OUI;B_TOURISME_STANDARD;0.31598;572570;1;100
NISSAN ALMERA TINO 26 08;2005;1500001;;OUI;B_TOURISME_STANDARD;0.31598;572570;1;100
NISSAN ALMERA TINO 29 07;2004;1500001;;OUI;B_TOURISME_STANDARD;0.31598;572570;1;100
NISSAN ALMERA TINO 29 09;2005;1500000;;OUI;B_TOURISME_STANDARD;0.31598;572570;1;100
NISSAN ALMERA TINO 30 06;2003;1500001;;OUI;B_TOURISME_STANDARD;0.31598;572570;1;100
NISSAN ALMERA TINO 30 08;2005;1500001;;OUI;B_TOURISME_STANDARD;0.31598;572570;1;100
NISSAN ALMERA TINO M C 19 08;2005;1500000;;OUI;B_TOURISME_STANDARD;0.31598;572570;1;100
NISSAN ALTIMA;2008;1928320;2939;;A_TOURISME_13CV_PLUS;0.40208;873939;1;100
NISSAN ALTIMA;2012;2725313;4154;;A_TOURISME_13CV_PLUS;0.40208;1194394;1;100
NISSAN ALTIMA;2013;3145126;4794;;A_TOURISME_13CV_PLUS;0.40208;1363192;1;100
NISSAN ALTIMA;2015;3604298;5494;;A_TOURISME_13CV_PLUS;0.40208;1547816;1;100
NISSAN CABSTAR;2000;2500001;;OUI;D_TRACTEUR_ROUTIER;0.19208;578800;1;100
NISSAN CABSTAR;2001;2500003;;OUI;C_CAMION_BUS;0.23338;682051;1;100
NISSAN CABSTAR 20 02;1997;2500001;;OUI;C_CAMION_BUS;0.23338;682050;1;100
NISSAN DOUBLE CAB;2004;1566004;2387;;C_CAMION_BUS;0.23338;464074;1;100
NISSAN FRONTIER;2000;1866003;2844;;C_CAMION_BUS;0.23338;534088;1;100
NISSAN FRONTIER;2003;1866002;2844;;C_CAMION_BUS;0.23338;534088;1;100
NISSAN FRONTIER;2005;2253020;3434;;C_CAMION_BUS;0.23338;624410;1;100
NISSAN FRONTIER;2007;1866005;2844;;C_CAMION_BUS;0.23338;534088;1;100
NISSAN FRONTIER;2010;1866002;2844;;C_CAMION_BUS;0.23338;534088;1;100
NISSAN FRONTIER;2012;2607239;3974;;C_CAMION_BUS;0.23338;707077;1;100
NISSAN HARDBODY;2011;2000001;3048;;C_CAMION_BUS;0.23338;565360;1;100
NISSAN JUKE;2010;2444989;3727;;B_TOURISME_STANDARD;0.31598;871168;1;100
NISSAN JUKE;2014;4089710;6234;;B_TOURISME_STANDARD;0.31598;1390867;1;100
NISSAN JUKE;2015;4519362;6889;;B_TOURISME_STANDARD;0.31598;1526628;1;100
NISSAN JUKE;2016;5011332;7639;;B_TOURISME_STANDARD;0.31598;1682081;1;100
NISSAN JUKE 03 05;2011;2727053;4157;;B_TOURISME_STANDARD;0.31598;960294;1;100
NISSAN JUKE 07;2013;4089710;6234;;B_TOURISME_STANDARD;0.31598;1390867;1;100
NISSAN JUKE 17 05;2013;3287899;5012;;B_TOURISME_STANDARD;0.31598;1137510;1;100
NISSAN JUKE GRAVE ACCIDENTE;2014;1500003;;OUI;B_TOURISME_STANDARD;0.31598;572571;1;100
NISSAN KING CAB;2003;1566002;2387;;C_CAMION_BUS;0.23338;464074;1;100
NISSAN KING CAB;2004;1566003;2387;;C_CAMION_BUS;0.23338;464074;1;100
NISSAN MICRA;2004;1500001;;OUI;B_TOURISME_STANDARD;0.31598;572570;1;100
NISSAN MICRA;2006;1500001;;OUI;B_TOURISME_STANDARD;0.31598;572570;1;100
NISSAN MICRA;2007;1504343;2293;;B_TOURISME_STANDARD;0.31598;573942;1;100
NISSAN MICRA;2009;1857906;2832;;B_TOURISME_STANDARD;0.31598;685661;1;100
NISSAN MICRA 19 08;2008;1831666;2792;;B_TOURISME_STANDARD;0.31598;677370;1;100
NISSAN MICRA 24 06;2005;1500000;;OUI;B_TOURISME_STANDARD;0.31598;572570;1;100
NISSAN MICRA 30 05;2006;1500001;;OUI;B_TOURISME_STANDARD;0.31598;572570;1;100
NISSAN MICRA 31 10;2011;2018616;3077;;B_TOURISME_STANDARD;0.31598;736442;1;100
NISSAN MURANO;2008;1500000;;OUI;A_TOURISME_13CV_PLUS;0.40208;701720;1;100
NISSAN MURANO;2015;7881157;12014;;A_TOURISME_13CV_PLUS;0.40208;3267456;1;100
NISSAN MURANO 12;2006;2902849;4425;;A_TOURISME_13CV_PLUS;0.40208;1265778;1;100
NISSAN NAVARA;2004;1566005;2387;;C_CAMION_BUS;0.23338;464074;1;100
NISSAN NAVARA;2009;1866002;2844;;C_CAMION_BUS;0.23338;534088;1;100
NISSAN NAVARA;2011;1953020;2977;;C_CAMION_BUS;0.23338;554396;1;100
NISSAN NAVARA;2014;5364014;8177;;C_CAMION_BUS;0.23338;1350454;1;100
NISSAN NAVARA DOUBLE CAB;2002;1500003;;OUI;C_CAMION_BUS;0.23338;448671;1;100
NISSAN NOTE;2008;1628322;2482;;B_TOURISME_STANDARD;0.31598;613117;1;100
NISSAN NOTE;2010;1933343;2947;;B_TOURISME_STANDARD;0.31598;709498;1;100
NISSAN NOTE 11 03;2009;1759512;2682;;B_TOURISME_STANDARD;0.31598;654571;1;100
NISSAN PATHFINDER;2010;4219361;6432;;B_TOURISME_STANDARD;0.31598;1431834;1;100
NISSAN PATHFINDER;2015;7881156;12014;;A_TOURISME_13CV_PLUS;0.40208;3267455;1;100
NISSAN PATHFINDER;2017;8471521;12914;;A_TOURISME_13CV_PLUS;0.40208;3504829;1;100
NISSAN PATROL;2011;4928337;7513;;AUTRE/EXONERE;;;1;100
NISSAN PICKUP;2005;1500000;;OUI;C_CAMION_BUS;0.23338;448670;1;100
NISSAN PIXO;2010;1500002;;OUI;B_TOURISME_STANDARD;0.31598;572571;1;100
NISSAN PRIMASTAR;2013;3100950;4727;;B_TOURISME_STANDARD;0.31598;1078438;1;100
NISSAN PRIMERA;1998;1500001;;OUI;B_TOURISME_STANDARD;0.31598;572570;1;100
NISSAN PRIMERA;1999;1500001;;OUI;B_TOURISME_STANDARD;0.31598;572570;1;100
NISSAN PRIMERA;2007;1500001;;OUI;B_TOURISME_STANDARD;0.31598;572570;1;100
NISSAN PRIMERA 02 09;2004;1500000;;OUI;B_TOURISME_STANDARD;0.31598;572570;1;100
NISSAN PRIMERA 10;2005;1500001;;OUI;B_TOURISME_STANDARD;0.31598;572570;1;100
NISSAN PRIMERA 15 11;2002;1500003;;OUI;B_TOURISME_STANDARD;0.31598;572571;1;100
NISSAN PRIMERA 16 04;2004;1500001;;OUI;B_TOURISME_STANDARD;0.31598;572570;1;100
NISSAN PRIMERA 19 07;2001;1500000;;OUI;B_TOURISME_STANDARD;0.31598;572570;1;100
NISSAN PRIMERA 23 01;2008;1690636;2577;;B_TOURISME_STANDARD;0.31598;632807;1;100
NISSAN PRIMERA 28 09;2001;1500001;;OUI;B_TOURISME_STANDARD;0.31598;572570;1;100
NISSAN PRIMERA 30 04;2002;1500001;;OUI;B_TOURISME_STANDARD;0.31598;572570;1;100
NISSAN QASHQAI;2013;4334154;6607;;B_TOURISME_STANDARD;0.31598;1468106;1;100
NISSAN QASHQAI;2017;6826803;10407;;B_TOURISME_STANDARD;0.31598;2255733;1;100
NISSAN QASHQAI;2018;8040329;12257;;B_TOURISME_STANDARD;0.31598;2639183;1;100
NISSAN QASHQAI 08 11;2007;2668015;4067;;B_TOURISME_STANDARD;0.31598;941639;1;100
NISSAN QASHQAI 13 08;2008;2746731;4187;;B_TOURISME_STANDARD;0.31598;966512;1;100
NISSAN QASHQAI 18 10;2007;2674576;4077;;B_TOURISME_STANDARD;0.31598;943713;1;100
NISSAN QASHQAI 23 12;2009;2861525;4362;;B_TOURISME_STANDARD;0.31598;1002785;1;100
NISSAN QASHQAI 25 11;2008;2563063;3907;;B_TOURISME_STANDARD;0.31598;908477;1;100
NISSAN QASHQAI S 07;2023;6206031;9460;;A_TOURISME_13CV_PLUS;0.40208;2593921;1;100
NISSAN QUEST;2015;7881157;12014;;A_TOURISME_13CV_PLUS;0.40208;3267456;1;100
NISSAN ROGUE GRAVE ACCIDENTE;2012;1500001;;OUI;A_TOURISME_13CV_PLUS;0.40208;701720;1;100
NISSAN ROGUE GRAVE ACCIDENTE;2013;1500003;;OUI;A_TOURISME_13CV_PLUS;0.40208;701721;1;100
NISSAN SENTRA;2013;3145125;4794;;B_TOURISME_STANDARD;0.31598;1092397;1;100
NISSAN SENTRA;2014;3400950;5184;;B_TOURISME_STANDARD;0.31598;1173232;1;100
NISSAN SERENA 24 02;1999;1500001;;OUI;B_TOURISME_STANDARD;0.31598;572570;1;100
NISSAN TIIDA;2009;1644719;2507;;B_TOURISME_STANDARD;0.31598;618298;1;100
NISSAN TIIDA;2010;1998936;3047;;B_TOURISME_STANDARD;0.31598;730224;1;100
NISSAN TINO;2005;1500001;;OUI;B_TOURISME_STANDARD;0.31598;572570;1;100
NISSAN TYPE ROGUE;2008;1196005;1823;;AUTRE/EXONERE;;;1;100
NISSAN URVAN USAGES;1994;1500001;;OUI;C_CAMION_BUS;0.23338;448670;1;100
NISSAN VANETTE USAGES;1989;1500001;;OUI;C_CAMION_BUS;0.23338;448670;1;100
NISSAN VERSA;2007;2019498;3078;;B_TOURISME_STANDARD;0.31598;736721;1;100
NISSAN VERSA GRAVE ACCIDENTE;2011;1500001;;OUI;B_TOURISME_STANDARD;0.31598;572570;1;100
NISSAN X TRAIL;1998;1500001;;OUI;B_TOURISME_STANDARD;0.31598;572570;1;100
NISSAN X TRAIL;2018;9699036;14785;;A_TOURISME_13CV_PLUS;0.40208;3998388;1;100
NISSAN X TRAIL 24 01;2003;1500001;;OUI;B_TOURISME_STANDARD;0.31598;572570;1;100
NISSAN X TRAIL 26 06;2009;3540641;5397;;A_TOURISME_13CV_PLUS;0.40208;1522221;1;100
NISSAN X TRAIL M C 28 11;2003;1500000;;OUI;B_TOURISME_STANDARD;0.31598;572570;1;100
NISSAN XTRAIL;2006;2199005;3352;;B_TOURISME_STANDARD;0.31598;793442;1;100
NIVELEUSE USAGE NIVELEUSES;2016;14025253;21381;;AUTRE/EXONERE;;;1;100
NIVEULEUSE BOMAG BG110 AUTRES;1998;8420203;12836;;AUTRE/EXONERE;;;1;100
OPEL AGILA;2010;1500001;;OUI;B_TOURISME_STANDARD;0.31598;572570;1;100
OPEL ANTARA;2008;2159647;3292;;B_TOURISME_STANDARD;0.31598;781005;1;100
OPEL ASTRA;1995;1500000;;OUI;B_TOURISME_STANDARD;0.31598;572570;1;100
OPEL ASTRA;1996;1500003;;OUI;B_TOURISME_STANDARD;0.31598;572571;1;100
OPEL ASTRA;2005;1500001;;OUI;B_TOURISME_STANDARD;0.31598;572570;1;100
OPEL ASTRA;2007;1500000;;OUI;B_TOURISME_STANDARD;0.31598;572570;1;100
OPEL ASTRA;2009;1506001;2295;;B_TOURISME_STANDARD;0.31598;574466;1;100
OPEL ASTRA 05 06;1998;1500000;;OUI;B_TOURISME_STANDARD;0.31598;572570;1;100
OPEL ASTRA 06 07;2000;1500000;;OUI;B_TOURISME_STANDARD;0.31598;572570;1;100
OPEL ASTRA 08 04;1998;1500001;;OUI;B_TOURISME_STANDARD;0.31598;572570;1;100
OPEL ASTRA 09 11;2012;2822166;4302;;B_TOURISME_STANDARD;0.31598;990348;1;100
OPEL ASTRA 12 10;1998;1500001;;OUI;B_TOURISME_STANDARD;0.31598;572570;1;100
OPEL ASTRA 13 04;1999;1500001;;OUI;B_TOURISME_STANDARD;0.31598;572570;1;100
OPEL ASTRA 21 12;2000;1500001;;OUI;B_TOURISME_STANDARD;0.31598;572570;1;100
OPEL ASTRA 22 05;1998;1500001;;OUI;B_TOURISME_STANDARD;0.31598;572570;1;100
OPEL CORSA;2008;1500001;;OUI;B_TOURISME_STANDARD;0.31598;572570;1;100
OPEL CORSA;2009;1500000;;OUI;B_TOURISME_STANDARD;0.31598;572570;1;100
OPEL FRONTERA;1995;1500001;;OUI;A_TOURISME_13CV_PLUS;0.40208;701720;1;100
OPEL INSIGNIA 19 12;2008;1989098;3032;;B_TOURISME_STANDARD;0.31598;727115;1;100
OPEL MERIVA;2007;1500001;;OUI;B_TOURISME_STANDARD;0.31598;572570;1;100
OPEL MERIVA;2008;1500001;;OUI;B_TOURISME_STANDARD;0.31598;572570;1;100
OPEL MERIVA;2011;2107170;3212;;B_TOURISME_STANDARD;0.31598;764424;1;100
OPEL MOKKA 05 02;2016;4908099;7482;;B_TOURISME_STANDARD;0.31598;1649461;1;100
OPEL SIGNUM;2003;1500001;;OUI;B_TOURISME_STANDARD;0.31598;572570;1;100
OPEL VECTRA;2002;1500001;;OUI;B_TOURISME_STANDARD;0.31598;572570;1;100
OPEL VECTRA;2004;1500000;;OUI;B_TOURISME_STANDARD;0.31598;572570;1;100
OPEL VECTRA;2005;1500001;;OUI;B_TOURISME_STANDARD;0.31598;572570;1;100
OPEL ZAFIRA 07 11;2000;1500000;;OUI;B_TOURISME_STANDARD;0.31598;572570;1;100
OPEL ZAFIRA 12 05;2003;1500001;;OUI;B_TOURISME_STANDARD;0.31598;572570;1;100
OPEL ZAFIRA 19 09;2003;1500001;;OUI;B_TOURISME_STANDARD;0.31598;572570;1;100
OPEL ZAFIRA 20 11;2003;1500001;;OUI;B_TOURISME_STANDARD;0.31598;572570;1;100
OPEL ZAFIRA 22 06;2010;1500001;;OUI;AUTRE/EXONERE;;;1;100
OPEL ZAFIRA 656;2005;1500001;;OUI;B_TOURISME_STANDARD;0.31598;572570;1;100
OPEL ZAFIRA A;2000;1500000;;OUI;B_TOURISME_STANDARD;0.31598;572570;1;100
OPEL ZAFIRA A;2005;1500000;;OUI;B_TOURISME_STANDARD;0.31598;572570;1;100
OPEL ZAFIRA M C;2001;1500000;;OUI;B_TOURISME_STANDARD;0.31598;572570;1;100
PACTON TRAILER AUTRES REMORQUES ET SEMI ;1993;5000000;7622;;AUTRE/EXONERE;;;1;100
PAVER 1355T PAVES BORDURES DE TROTTOIRS ;2021;14505446;22113;;AUTRE/EXONERE;;;1;100
PAVER XCMGRP7559 AUTRES;2015;19357126;29509;;AUTRE/EXONERE;;;1;100
PELLE CATERPILLAR 320 BL ENGINS DONT LA ;2000;20720000;31587;;AUTRE/EXONERE;;;1;100
PELLE CATERPILLAR 320L CHARGEUSES ET CHA;1995;8593000;13099;;AUTRE/EXONERE;;;1;100
PELLE EXCAVATRICE M C 22 10 A CHENILLES;2018;2000001;3048;;AUTRE/EXONERE;;;1;100
PELLE HYDRAULIQUE CATERPILAR CHARGEUSES ;1980;14225246;21686;;AUTRE/EXONERE;;;1;100
PEUGEOT 1007 24 07;2006;1500000;;OUI;B_TOURISME_STANDARD;0.31598;572570;1;100
PEUGEOT 107;2009;1500003;;OUI;B_TOURISME_STANDARD;0.31598;572571;1;100
PEUGEOT 108;2021;7401200;11282;;B_TOURISME_STANDARD;0.31598;2437231;1;100
PEUGEOT 206;2003;1500000;;OUI;B_TOURISME_STANDARD;0.31598;572570;1;100
PEUGEOT 206 18 05;2004;1500001;;OUI;B_TOURISME_STANDARD;0.31598;572570;1;100
PEUGEOT 207;2009;1500068;;OUI;B_TOURISME_STANDARD;0.31598;572591;1;100
PEUGEOT 3008;2015;4580140;6982;;B_TOURISME_STANDARD;0.31598;1545833;1;100
PEUGEOT 3008;2017;8171521;12457;;B_TOURISME_STANDARD;0.31598;2680637;1;100
PEUGEOT 3008 29 11;2017;11221735;17107;;B_TOURISME_STANDARD;0.31598;3644444;1;100
PEUGEOT 307;2004;1500003;;OUI;B_TOURISME_STANDARD;0.31598;572571;1;100
PEUGEOT 307;2007;1500001;;OUI;B_TOURISME_STANDARD;0.31598;572570;1;100
PEUGEOT 307;2008;1500001;;OUI;B_TOURISME_STANDARD;0.31598;572570;1;100
PEUGEOT 307 04 11;2002;1500001;;OUI;B_TOURISME_STANDARD;0.31598;572570;1;100
PEUGEOT 307 09 10;2002;1500001;;OUI;B_TOURISME_STANDARD;0.31598;572570;1;100
PEUGEOT 307 14 12;2004;1500000;;OUI;B_TOURISME_STANDARD;0.31598;572570;1;100
PEUGEOT 307 M C;2005;1500000;;OUI;B_TOURISME_STANDARD;0.31598;572570;1;100
PEUGEOT 307 M C 31 03;2004;1500000;;OUI;B_TOURISME_STANDARD;0.31598;572570;1;100
PEUGEOT 308;2009;1500000;;OUI;B_TOURISME_STANDARD;0.31598;572570;1;100
PEUGEOT 308;2011;2356435;3592;;B_TOURISME_STANDARD;0.31598;843186;1;100
PEUGEOT 308;2013;2838565;4327;;B_TOURISME_STANDARD;0.31598;995530;1;100
PEUGEOT 308;2016;5334494;8132;;B_TOURISME_STANDARD;0.31598;1784193;1;100
PEUGEOT 308 17 12;2013;3438769;5242;;B_TOURISME_STANDARD;0.31598;1185182;1;100
PEUGEOT 4007 DIESEL 07;2007;1857905;2832;;B_TOURISME_STANDARD;0.31598;685661;1;100
PEUGEOT 404;1990;1500001;;OUI;C_CAMION_BUS;0.23338;448670;1;100
PEUGEOT 406;2000;1500001;;OUI;B_TOURISME_STANDARD;0.31598;572570;1;100
PEUGEOT 406 14 10;1999;1500003;;OUI;B_TOURISME_STANDARD;0.31598;572571;1;100
PEUGEOT 407;2004;1500001;;OUI;B_TOURISME_STANDARD;0.31598;572570;1;100
PEUGEOT 407;2005;1501015;;OUI;B_TOURISME_STANDARD;0.31598;572891;1;100
PEUGEOT 407;2006;1500001;;OUI;B_TOURISME_STANDARD;0.31598;572570;1;100
PEUGEOT 407;2008;1500001;;OUI;B_TOURISME_STANDARD;0.31598;572570;1;100
PEUGEOT 407;2010;1592241;2427;;B_TOURISME_STANDARD;0.31598;601716;1;100
PEUGEOT 5008;2017;9221057;14057;;B_TOURISME_STANDARD;0.31598;3012270;1;100
PEUGEOT 5008;2023;22800824;34759;;B_TOURISME_STANDARD;0.31598;7303204;1;100
PEUGEOT 508;2012;2471228;3767;;B_TOURISME_STANDARD;0.31598;879459;1;100
PEUGEOT 508;2013;3130467;4772;;B_TOURISME_STANDARD;0.31598;1087765;1;100
PEUGEOT 508;2016;6334832;9657;;B_TOURISME_STANDARD;0.31598;2100280;1;100
PEUGEOT 508 13 12;2011;2497467;3807;;B_TOURISME_STANDARD;0.31598;887750;1;100
PEUGEOT 607;2000;1500001;;OUI;B_TOURISME_STANDARD;0.31598;572570;1;100
PEUGEOT 607;2003;1500000;;OUI;B_TOURISME_STANDARD;0.31598;572570;1;100
PEUGEOT 607 16 07;2002;1500001;;OUI;B_TOURISME_STANDARD;0.31598;572570;1;100
PEUGEOT 806;2004;1500001;;OUI;B_TOURISME_STANDARD;0.31598;572570;1;100
PEUGEOT 807;2002;1500001;;OUI;B_TOURISME_STANDARD;0.31598;572570;1;100
PEUGEOT 807;2007;1500001;;OUI;B_TOURISME_STANDARD;0.31598;572570;1;100
PEUGEOT 807;2012;2543384;3877;;B_TOURISME_STANDARD;0.31598;902258;1;100
PEUGEOT BOXER;1991;1500003;;OUI;C_CAMION_BUS;0.23338;448671;1;100
PEUGEOT BOXER;1997;1500000;;OUI;C_CAMION_BUS;0.23338;448670;1;100
PEUGEOT BOXER;2001;1500000;;OUI;C_CAMION_BUS;0.23338;448670;1;100
PEUGEOT BOXER;2002;1500001;;OUI;C_CAMION_BUS;0.23338;448670;1;100
PEUGEOT BOXER USAGES;2003;1500001;;OUI;C_CAMION_BUS;0.23338;448670;1;100
PEUGEOT EXPERT 11 10;1996;1500000;;OUI;C_CAMION_BUS;0.23338;448670;1;100
PEUGEOT EXPERT 17 02;2010;1500001;;OUI;C_CAMION_BUS;0.23338;448670;1;100
PEUGEOT FIN P 12E BA6 AUTRES;2008;13813620;21058;;AUTRE/EXONERE;;;1;100
PEUGEOT FIN P 12E BA6 NEUF AUTRES;2008;14014614;21364;;AUTRE/EXONERE;;;1;100
PEUGEOT FINP 12 E BA6 NEUF AUTRES;2008;11732809;17886;;AUTRE/EXONERE;;;1;100
PEUGEOT J5;1982;1500000;;OUI;C_CAMION_BUS;0.23338;448670;1;100
PEUGEOT J5;1994;1500001;;OUI;C_CAMION_BUS;0.23338;448670;1;100
PEUGEOT J5;1995;1500001;;OUI;C_CAMION_BUS;0.23338;448670;1;100
PEUGEOT J5;1996;1500001;;OUI;C_CAMION_BUS;0.23338;448670;1;100
PEUGEOT J5;1998;1500001;;OUI;C_CAMION_BUS;0.23338;448670;1;100
PEUGEOT J5;2000;1500003;;OUI;C_CAMION_BUS;0.23338;448671;1;100
PEUGEOT J5;2003;1500003;;OUI;C_CAMION_BUS;0.23338;448671;1;100
PEUGEOT J5;2005;1500001;;OUI;C_CAMION_BUS;0.23338;448670;1;100
PEUGEOT J5 05 06;1991;1500003;;OUI;C_CAMION_BUS;0.23338;448671;1;100
PEUGEOT J5 11 07;1984;1500001;;OUI;C_CAMION_BUS;0.23338;448670;1;100
PEUGEOT J5 17 08;1983;1500000;;OUI;C_CAMION_BUS;0.23338;448670;1;100
PEUGEOT J5 19 03;1990;1500000;;OUI;C_CAMION_BUS;0.23338;448670;1;100
PEUGEOT J5 M C;1986;1500000;;OUI;C_CAMION_BUS;0.23338;448670;1;100
PEUGEOT J5 M C;1988;1500000;;OUI;C_CAMION_BUS;0.23338;448670;1;100
PEUGEOT J5 M C;1990;1500000;;OUI;C_CAMION_BUS;0.23338;448670;1;100
PEUGEOT J5 M C;1991;1500000;;OUI;C_CAMION_BUS;0.23338;448670;1;100
PEUGEOT J5 M C;1993;1500000;;OUI;C_CAMION_BUS;0.23338;448670;1;100
PEUGEOT J5 M C 13 11;1985;1500000;;OUI;C_CAMION_BUS;0.23338;448670;1;100
PEUGEOT J5 USAGES;1986;1500001;;OUI;C_CAMION_BUS;0.23338;448670;1;100
PEUGEOT J5 USAGES;1991;1500001;;OUI;C_CAMION_BUS;0.23338;448670;1;100
PEUGEOT J5 USAGES;1993;1500001;;OUI;C_CAMION_BUS;0.23338;448670;1;100
PEUGEOT J5 USAGES;1994;1500001;;OUI;C_CAMION_BUS;0.23338;448670;1;100
PEUGEOT J5 USAGES;1996;1500001;;OUI;C_CAMION_BUS;0.23338;448670;1;100
PEUGEOT J5 USAGES;1997;1500001;;OUI;C_CAMION_BUS;0.23338;448670;1;100
PEUGEOT J5 USAGES;1998;1500001;;OUI;C_CAMION_BUS;0.23338;448670;1;100
PEUGEOT J9;1995;1500001;;OUI;C_CAMION_BUS;0.23338;448670;1;100
PEUGEOT J9;1998;1500003;;OUI;C_CAMION_BUS;0.23338;448671;1;100
PEUGEOT J9;2003;1500001;;OUI;C_CAMION_BUS;0.23338;448670;1;100
PEUGEOT J9 03 04;1989;1500001;;OUI;C_CAMION_BUS;0.23338;448670;1;100
PEUGEOT J9 05 12;1984;1500000;;OUI;C_CAMION_BUS;0.23338;448670;1;100
PEUGEOT J9 13 08;1990;1500000;;OUI;C_CAMION_BUS;0.23338;448670;1;100
PEUGEOT J9 18 11;1985;1500000;;OUI;C_CAMION_BUS;0.23338;448670;1;100
PEUGEOT J9 19 12;1986;1500000;;OUI;C_CAMION_BUS;0.23338;448670;1;100
PEUGEOT J9 23 05;1989;1500000;;OUI;C_CAMION_BUS;0.23338;448670;1;100
PEUGEOT PARTNER;2003;1500003;;OUI;C_CAMION_BUS;0.23338;448671;1;100
PEUGEOT PARTNER;2009;1585682;2417;;B_TOURISME_STANDARD;0.31598;599644;1;100
PEUGEOT PARTNER USAGES;2003;1500001;;OUI;C_CAMION_BUS;0.23338;448670;1;100
PEUGEOT RCZ;2014;4924519;7507;;B_TOURISME_STANDARD;0.31598;1654650;1;100
PEUGEOT RCZ 16ETX;2012;3730672;5687;;B_TOURISME_STANDARD;0.31598;1277418;1;100
PEUJEOT J9;1995;1500003;;OUI;C_CAMION_BUS;0.23338;448671;1;100
PIAGGIO PORTER;2009;1500000;;OUI;C_CAMION_BUS;0.23338;448670;1;100
POLARIS SLINGSHOT;2015;1424301;2171;;B_TOURISME_STANDARD;0.31598;548651;1;100
PONTIAC VIBE 03;2008;2623637;3999;;B_TOURISME_STANDARD;0.31598;927617;1;100
PONTIAC VIBE GRAVE ACCIDENTE;2009;1503765;2292;;A_TOURISME_13CV_PLUS;0.40208;703234;1;100
PONTIAC VIBE GT;2010;2974576;4534;;A_TOURISME_13CV_PLUS;0.40208;1294618;1;100
PONTIAC VIBE M C;2006;1500000;;OUI;B_TOURISME_STANDARD;0.31598;572570;1;100
PONTIAC VIBE M C;2007;2053607;3130;;B_TOURISME_STANDARD;0.31598;747499;1;100
PORCSCHE CAYENNE S;2003;1529928;2332;;A_TOURISME_13CV_PLUS;0.40208;713753;1;100
PORSCHE CAYENNE;2002;1500001;;OUI;A_TOURISME_13CV_PLUS;0.40208;701720;1;100
PORSCHE CAYENNE;2004;1500001;;OUI;A_TOURISME_13CV_PLUS;0.40208;701720;1;100
PORSCHE CAYENNE;2012;8012349;12214;;AUTRE/EXONERE;;;1;100
PORSCHE CAYENNE GRAVE ACCIDENT;2013;3800000;5792;;A_TOURISME_13CV_PLUS;0.40208;1626504;1;100
PORSCHE CAYENNE GRV ACIDENTE;2010;2250003;3429;;A_TOURISME_13CV_PLUS;0.40208;1003281;1;100
POTENCIA COMPACTEUR ALBARET AUTRES;2019;2800001;4268;;AUTRE/EXONERE;;;1;100
RANGE ROVER EVOQUE SE;2016;7080884;10794;;B_TOURISME_STANDARD;0.31598;2336018;1;100
RANGE ROVER SPORT ANNEE AUTRES;2025;51615478;78687;;AUTRE/EXONERE;;;1;100
REMORQUE BENNE FX MEILLER;2017;14500001;22104;;AUTRE/EXONERE;;;1;100
RENAUL TRUCK;1993;2500001;;OUI;D_TRACTEUR_ROUTIER;0.19208;578800;1;100
RENAULT 22GVA1;2005;2600001;3963;;D_TRACTEUR_ROUTIER;0.19208;598008;1;100
RENAULT 85 115 4X4 FIRETRUCK;2000;15812736;24106;;AUTRE/EXONERE;;;1;100
RENAULT BD02E21X 14 03;1995;2500001;;OUI;C_CAMION_BUS;0.23338;682050;1;100
RENAULT BENNE;1988;2500001;;OUI;C_CAMION_BUS;0.23338;682050;1;100
RENAULT BENNE;1995;2500001;;OUI;C_CAMION_BUS;0.23338;682050;1;100
RENAULT BG06A1C36 29 10;1993;2500001;;OUI;C_CAMION_BUS;0.23338;682050;1;100
RENAULT BUS USAGES;1997;10500001;16006;;C_CAMION_BUS;0.23338;2549090;1;100
RENAULT BUS USAGES;1999;10500001;16006;;C_CAMION_BUS;0.23338;2549090;1;100
RENAULT BUS USAGES;2001;10500001;16006;;C_CAMION_BUS;0.23338;2549090;1;100
RENAULT CLIO;2003;1500001;;OUI;B_TOURISME_STANDARD;0.31598;572570;1;100
RENAULT CLIO;2007;1500001;;OUI;B_TOURISME_STANDARD;0.31598;572570;1;100
RENAULT CLIO;2012;1985818;3027;;B_TOURISME_STANDARD;0.31598;726079;1;100
RENAULT CLIO 08 01;2007;1500001;;OUI;B_TOURISME_STANDARD;0.31598;572570;1;100
RENAULT DUSTER;2015;1785629;2721;;B_TOURISME_STANDARD;0.31598;662823;1;100
RENAULT DUSTER 01 02;2016;1500000;;OUI;B_TOURISME_STANDARD;0.31598;572570;1;100
RENAULT ESPACE;2004;1500003;;OUI;B_TOURISME_STANDARD;0.31598;572571;1;100
RENAULT ESPACE;2006;1500001;;OUI;B_TOURISME_STANDARD;0.31598;572570;1;100
RENAULT G300;1990;2500001;;OUI;D_TRACTEUR_ROUTIER;0.19208;578800;1;100
RENAULT ILIADE;1994;10500000;16006;;C_CAMION_BUS;0.23338;2549090;1;100
RENAULT ILIADE;2001;7755000;11822;;B_TOURISME_STANDARD;0.31598;2549025;1;100
RENAULT ILIADE USAGES;2001;10500001;16006;;C_CAMION_BUS;0.23338;2549090;1;100
RENAULT IMMAT EK 510;2004;2500000;;OUI;D_TRACTEUR_ROUTIER;0.19208;578800;1;100
RENAULT JS00A152M0D 09 07;1985;2500001;;OUI;C_CAMION_BUS;0.23338;682050;1;100
RENAULT KANGO;2005;1500001;;OUI;B_TOURISME_STANDARD;0.31598;572570;1;100
RENAULT KANGO USAGES;2000;1500000;;OUI;C_CAMION_BUS;0.23338;448670;1;100
RENAULT KANGOO;1997;1500001;;OUI;C_CAMION_BUS;0.23338;448670;1;100
RENAULT KANGOO;2009;1500000;;OUI;C_CAMION_BUS;0.23338;448670;1;100
RENAULT KANGOO 10 06;2003;1500000;;OUI;B_TOURISME_STANDARD;0.31598;572570;1;100
RENAULT KANGOO 14 12;2006;1500001;;OUI;B_TOURISME_STANDARD;0.31598;572570;1;100
RENAULT KANGOO 22 06;2005;1500001;;OUI;C_CAMION_BUS;0.23338;448670;1;100
RENAULT KANGOO 22 12;2000;1500000;;OUI;B_TOURISME_STANDARD;0.31598;572570;1;100
RENAULT KANGOO 29 10;2003;1500001;;OUI;B_TOURISME_STANDARD;0.31598;572570;1;100
RENAULT KANGOO USAGES;2003;1500001;;OUI;C_CAMION_BUS;0.23338;448670;1;100
RENAULT KANGOO USAGES;2005;1500001;;OUI;C_CAMION_BUS;0.23338;448670;1;100
RENAULT KERAX;2006;4000001;6097;;C_CAMION_BUS;0.23338;1032120;1;100
RENAULT KERAX 380;2001;2500001;;OUI;C_CAMION_BUS;0.23338;682050;1;100
RENAULT LAGUNA;2000;1500001;;OUI;B_TOURISME_STANDARD;0.31598;572570;1;100
RENAULT LAGUNA;2002;1500001;;OUI;B_TOURISME_STANDARD;0.31598;572570;1;100
RENAULT LAGUNA;2004;1500001;;OUI;B_TOURISME_STANDARD;0.31598;572570;1;100
RENAULT LAGUNA;2006;1500001;;OUI;B_TOURISME_STANDARD;0.31598;572570;1;100
RENAULT MAGNUM;1995;2500001;;OUI;D_TRACTEUR_ROUTIER;0.19208;578800;1;100
RENAULT MAGNUM;1997;2500000;;OUI;D_TRACTEUR_ROUTIER;0.19208;578800;1;100
RENAULT MAGNUM;2005;2643678;4030;;D_TRACTEUR_ROUTIER;0.19208;606398;1;100
RENAULT MAGNUM;2007;2600001;3963;;D_TRACTEUR_ROUTIER;0.19208;598008;1;100
RENAULT MAGNUM;2008;2700000;4115;;D_TRACTEUR_ROUTIER;0.19208;617216;1;100
RENAULT MAGNUM 430;2005;2500001;;OUI;C_CAMION_BUS;0.23338;682050;1;100
RENAULT MAGNUM 440;2003;2500000;;OUI;D_TRACTEUR_ROUTIER;0.19208;578800;1;100
RENAULT MAGNUM 440 TRUCK;2003;2500001;;OUI;D_TRACTEUR_ROUTIER;0.19208;578800;1;100
RENAULT MAGNUM AE480 USAG S;2001;2500000;;OUI;D_TRACTEUR_ROUTIER;0.19208;578800;1;100
RENAULT MAGNUM USAG S;1998;2500000;;OUI;D_TRACTEUR_ROUTIER;0.19208;578800;1;100
RENAULT MAGNUM USAG S;2002;2500000;;OUI;D_TRACTEUR_ROUTIER;0.19208;578800;1;100
RENAULT MANAGER;1996;2500001;;OUI;D_TRACTEUR_ROUTIER;0.19208;578800;1;100
RENAULT MASTER;2006;1500001;;OUI;C_CAMION_BUS;0.23338;448670;1;100
RENAULT MASTER;2007;1500001;;OUI;C_CAMION_BUS;0.23338;448670;1;100
RENAULT MASTER 01 07;2005;1500001;;OUI;C_CAMION_BUS;0.23338;448670;1;100
RENAULT MASTER 12 06;1990;1500001;;OUI;C_CAMION_BUS;0.23338;448670;1;100
RENAULT MASTER 22 08 USAGES;2006;1500001;;OUI;C_CAMION_BUS;0.23338;448670;1;100
RENAULT MASTER 26 04 VOITURES DE LUTTE C;2010;20478978;31219;;AUTRE/EXONERE;;;1;100
RENAULT MEGANE;2006;1500001;;OUI;B_TOURISME_STANDARD;0.31598;572570;1;100
RENAULT MEGANE;2009;1700475;2592;;B_TOURISME_STANDARD;0.31598;635916;1;100
RENAULT MEGANE SCENIC;2006;1500001;;OUI;B_TOURISME_STANDARD;0.31598;572570;1;100
RENAULT MEGANE SCENIC;2007;1500001;;OUI;B_TOURISME_STANDARD;0.31598;572570;1;100
RENAULT MIDLINER;1998;2500000;;OUI;C_CAMION_BUS;0.23338;682050;1;100
RENAULT MODUS 26 11;2008;1500001;;OUI;B_TOURISME_STANDARD;0.31598;572570;1;100
RENAULT PASSENGER BUS;1998;10500001;16006;;C_CAMION_BUS;0.23338;2549090;1;100
RENAULT PASSENGER BUS;2001;1500001;;OUI;C_CAMION_BUS;0.23338;448670;1;100
RENAULT PASSENGER BUS 26 04;2000;8370000;12759;;C_CAMION_BUS;0.23338;2051991;1;100
RENAULT PASSENGER BUS USAGES;1992;10500000;16006;;C_CAMION_BUS;0.23338;2549090;1;100
RENAULT PASSENGER BUS USAGES;2006;10769001;16417;;C_CAMION_BUS;0.23338;2611869;1;100
RENAULT PREMIUM;1997;12500005;19055;;AUTRE/EXONERE;;;1;100
RENAULT PREMIUM;1998;2500001;;OUI;D_TRACTEUR_ROUTIER;0.19208;578800;1;100
RENAULT PREMIUM;2001;2500001;;OUI;D_TRACTEUR_ROUTIER;0.19208;578800;1;100
RENAULT PREMIUM;2005;9000000;13720;;AUTRE/EXONERE;;;1;100
RENAULT PREMIUM;2008;2800001;4268;;C_CAMION_BUS;0.23338;752064;1;100
RENAULT PREMIUM;2020;20000000;30489;;D_TRACTEUR_ROUTIER;0.19208;3940200;1;100
RENAULT PREMIUM 320 GENRE TRR;2001;2500000;;OUI;D_TRACTEUR_ROUTIER;0.19208;578800;1;100
RENAULT PREMIUM 400;1999;2500001;;OUI;D_TRACTEUR_ROUTIER;0.19208;578800;1;100
RENAULT PREMIUM 400;2000;7500001;11433;;AUTRE/EXONERE;;;1;100
RENAULT PREMIUM 420;2003;2500002;;OUI;C_CAMION_BUS;0.23338;682050;1;100
RENAULT PRENIUM 400;2000;5000000;7622;;AUTRE/EXONERE;;;1;100
RENAULT SFR 112 USAGES;1998;10500001;16006;;C_CAMION_BUS;0.23338;2549090;1;100
RENAULT SFR 112 USAGES;1999;10498461;16004;;C_CAMION_BUS;0.23338;2548731;1;100
RENAULT TANKTRUCK;2004;2500001;;OUI;C_CAMION_BUS;0.23338;682050;1;100
RENAULT TRACTOR HEAD;1988;2500001;;OUI;D_TRACTEUR_ROUTIER;0.19208;578800;1;100
RENAULT TRACTOR HEAD;1990;2500000;;OUI;D_TRACTEUR_ROUTIER;0.19208;578800;1;100
RENAULT TRACTOR HEAD;1991;2500000;;OUI;AUTRE/EXONERE;;;1;100
RENAULT TRACTOR HEAD;1998;2500000;;OUI;D_TRACTEUR_ROUTIER;0.19208;578800;1;100
RENAULT TRACTOR HEAD;2003;2500001;;OUI;D_TRACTEUR_ROUTIER;0.19208;578800;1;100
RENAULT TRACTOR HEAD;2004;2500000;;OUI;D_TRACTEUR_ROUTIER;0.19208;578800;1;100
RENAULT TRAFIC;1988;1500001;;OUI;C_CAMION_BUS;0.23338;448670;1;100
RENAULT TRAFIC;1990;1500001;;OUI;C_CAMION_BUS;0.23338;448670;1;100
RENAULT TRAFIC;1992;1500003;;OUI;C_CAMION_BUS;0.23338;448671;1;100
RENAULT TRAFIC;1996;1500001;;OUI;C_CAMION_BUS;0.23338;448670;1;100
RENAULT TRAFIC;1998;1500000;;OUI;C_CAMION_BUS;0.23338;448670;1;100
RENAULT TRAFIC;2003;1500001;;OUI;C_CAMION_BUS;0.23338;448670;1;100
RENAULT TRAFIC;2007;1500001;;OUI;C_CAMION_BUS;0.23338;448670;1;100
RENAULT TRAFIC;2010;1500001;;OUI;C_CAMION_BUS;0.23338;448670;1;100
RENAULT TRAFIC;2011;1500001;;OUI;C_CAMION_BUS;0.23338;448670;1;100
RENAULT TRAFIC 04 11;2015;1500001;;OUI;C_CAMION_BUS;0.23338;448670;1;100
RENAULT TRAFIC USAGES;1983;1500001;;OUI;C_CAMION_BUS;0.23338;448670;1;100
RENAULT TRUCK;1980;2500001;;OUI;C_CAMION_BUS;0.23338;682050;1;100
RENAULT TRUCK;1982;5446799;8303;;AUTRE/EXONERE;;;1;100
RENAULT TRUCK;1983;2500001;;OUI;C_CAMION_BUS;0.23338;682050;1;100
RENAULT TRUCK;2008;13428319;20471;;AUTRE/EXONERE;;;1;100
RENAULT TRUCK;2012;6500003;9908;;AUTRE/EXONERE;;;1;100
RENAULT TRUCK 01 08;1991;2500001;;OUI;D_TRACTEUR_ROUTIER;0.19208;578800;1;100
RENAULT TRUCK 02 01;1985;4000001;6097;;AUTRE/EXONERE;;;1;100
RENAULT TRUCK 02 11;1988;2500001;;OUI;C_CAMION_BUS;0.23338;682050;1;100
RENAULT TRUCK 04 06;2002;5000000;7622;;AUTRE/EXONERE;;;1;100
RENAULT TRUCK 04 10;1989;2500000;;OUI;D_TRACTEUR_ROUTIER;0.19208;578800;1;100
RENAULT TRUCK 07 04;1987;2500001;;OUI;D_TRACTEUR_ROUTIER;0.19208;578800;1;100
RENAULT TRUCK 11 07;2008;2500000;;OUI;C_CAMION_BUS;0.23338;682050;1;100
RENAULT TRUCK 17 06;1997;2500001;;OUI;D_TRACTEUR_ROUTIER;0.19208;578800;1;100
RENAULT TRUCK 21 05;1992;2500001;;OUI;D_TRACTEUR_ROUTIER;0.19208;578800;1;100
RENAULT TRUCK 21 06;2010;6579800;10030;;AUTRE/EXONERE;;;1;100
RENAULT TRUCK 28 11;1993;2500001;;OUI;D_TRACTEUR_ROUTIER;0.19208;578800;1;100
RENAULT TRUCK 400;2002;7500000;11433;;AUTRE/EXONERE;;;1;100
RENAULT TRUCK AUTRES REMORQUES ET SEMI R;1995;2500001;;OUI;AUTRE/EXONERE;;;1;100
RENAULT TRUCK AUTRES REMORQUES ET SEMI R;2002;2500001;;OUI;C_CAMION_BUS;0.23338;682050;1;100
RENAULT TRUCK DU 28 09;1991;2500001;;OUI;D_TRACTEUR_ROUTIER;0.19208;578800;1;100
RENAULT TRUCK DU 30 05;1991;2500001;;OUI;D_TRACTEUR_ROUTIER;0.19208;578800;1;100
RENAULT TRUCK M C;1987;2623840;3999;;C_CAMION_BUS;0.23338;710952;1;100
RENAULT TRUCK M C;2000;2500000;;OUI;C_CAMION_BUS;0.23338;682050;1;100
RENAULT TRUCK MAGNUM;1998;2500000;;OUI;D_TRACTEUR_ROUTIER;0.19208;578800;1;100
RENAULT TRUCK MAGNUM;2000;2500000;;OUI;D_TRACTEUR_ROUTIER;0.19208;578800;1;100
RENAULT TRUCK MAGNUM;2006;2750000;4192;;D_TRACTEUR_ROUTIER;0.19208;626820;1;100
RENAULT TRUCK MAGNUM 430;1999;2500000;;OUI;D_TRACTEUR_ROUTIER;0.19208;578800;1;100
RENAULT TRUCK NAC;1987;2500000;;OUI;C_CAMION_BUS;0.23338;682050;1;100
RENAULT TRUCK PREMIUM;2000;2500001;;OUI;D_TRACTEUR_ROUTIER;0.19208;578800;1;100
RENAULT TRUCK R350;1995;2500002;;OUI;AUTRE/EXONERE;;;1;100
RENAULT TRUCK USAG S;2000;2500000;;OUI;D_TRACTEUR_ROUTIER;0.19208;578800;1;100
RENAULT TWINGO;2009;1500001;;OUI;B_TOURISME_STANDARD;0.31598;572570;1;100
RENEULT TRUCK;1990;2500000;;OUI;D_TRACTEUR_ROUTIER;0.19208;578800;1;100
ROAD TRACTOR RENAULT 11GTA1;2003;2500000;;OUI;D_TRACTEUR_ROUTIER;0.19208;578800;1;100
SANY HYDRAULIC EXCAVATOR AUTRES;2019;1684411;2567;;AUTRE/EXONERE;;;1;100
SAVIEM SG2;1989;2500001;;OUI;D_TRACTEUR_ROUTIER;0.19208;578800;1;100
SAVIEM SG2 GENRE CTTE;1980;2500001;;OUI;C_CAMION_BUS;0.23338;682050;1;100
SAVIEM SG3 GENRE CTTE;1989;2500000;;OUI;C_CAMION_BUS;0.23338;682050;1;100
SAVIEM SG3 GENRE CTTE;1992;2500000;;OUI;C_CAMION_BUS;0.23338;682050;1;100
SAVIEM TRUCK;1988;2500001;;OUI;C_CAMION_BUS;0.23338;682050;1;100
SCANIA 112;1986;2500000;;OUI;C_CAMION_BUS;0.23338;682050;1;100
SCANIA 113;1990;2500001;;OUI;D_TRACTEUR_ROUTIER;0.19208;578800;1;100
SCANIA 113;1994;2500001;;OUI;C_CAMION_BUS;0.23338;682050;1;100
SCANIA 113;1995;2500001;;OUI;D_TRACTEUR_ROUTIER;0.19208;578800;1;100
SCANIA 113;1996;2500001;;OUI;C_CAMION_BUS;0.23338;682050;1;100
SCANIA 113;2000;2500000;;OUI;D_TRACTEUR_ROUTIER;0.19208;578800;1;100
SCANIA 113 360;1989;2500001;;OUI;D_TRACTEUR_ROUTIER;0.19208;578800;1;100
SCANIA 113 M C;1992;2500000;;OUI;D_TRACTEUR_ROUTIER;0.19208;578800;1;100
SCANIA 113 TRUCK;1990;2500000;;OUI;D_TRACTEUR_ROUTIER;0.19208;578800;1;100
SCANIA 113 TRUCK;1993;2500000;;OUI;D_TRACTEUR_ROUTIER;0.19208;578800;1;100
SCANIA 113 TRUCK;1995;5000001;7622;;AUTRE/EXONERE;;;1;100
SCANIA 113M TRUCK;1992;2500000;;OUI;D_TRACTEUR_ROUTIER;0.19208;578800;1;100
SCANIA 143;1980;2500001;;OUI;D_TRACTEUR_ROUTIER;0.19208;578800;1;100
SCANIA 143;1996;2500000;;OUI;D_TRACTEUR_ROUTIER;0.19208;578800;1;100
SCANIA 143;2000;2500000;;OUI;D_TRACTEUR_ROUTIER;0.19208;578800;1;100
SCANIA P113;1988;2500001;;OUI;C_CAMION_BUS;0.23338;682050;1;100
SCANIA P113;1989;2500000;;OUI;D_TRACTEUR_ROUTIER;0.19208;578800;1;100
SCANIA P113;1992;2500001;;OUI;C_CAMION_BUS;0.23338;682050;1;100
SCANIA P113;1993;2500001;;OUI;D_TRACTEUR_ROUTIER;0.19208;578800;1;100
SCANIA P113;1994;2500000;;OUI;C_CAMION_BUS;0.23338;682050;1;100
SCANIA P113;1995;2500001;;OUI;D_TRACTEUR_ROUTIER;0.19208;578800;1;100
SCANIA P113;2000;2500000;;OUI;C_CAMION_BUS;0.23338;682050;1;100
SCANIA P93;1990;2500001;;OUI;C_CAMION_BUS;0.23338;682050;1;100
SCANIA R 113 M;1990;2500001;;OUI;D_TRACTEUR_ROUTIER;0.19208;578800;1;100
SCANIA R 142 TRUCK;1987;2500000;;OUI;D_TRACTEUR_ROUTIER;0.19208;578800;1;100
SCANIA R 143 TRUCK;1989;2500000;;OUI;D_TRACTEUR_ROUTIER;0.19208;578800;1;100
SCANIA R112;1987;2500001;;OUI;C_CAMION_BUS;0.23338;682050;1;100
SCANIA R112;1996;2500000;;OUI;D_TRACTEUR_ROUTIER;0.19208;578800;1;100
SCANIA R113;1988;2500000;;OUI;D_TRACTEUR_ROUTIER;0.19208;578800;1;100
SCANIA R113;1992;2500000;;OUI;C_CAMION_BUS;0.23338;682050;1;100
SCANIA R113;1994;2500001;;OUI;D_TRACTEUR_ROUTIER;0.19208;578800;1;100
SCANIA R113 TRACTOR BRAND;1992;2500001;;OUI;D_TRACTEUR_ROUTIER;0.19208;578800;1;100
SCANIA R143;1996;2500001;;OUI;D_TRACTEUR_ROUTIER;0.19208;578800;1;100
SCANIA R143 TRUCK;1989;2500001;;OUI;D_TRACTEUR_ROUTIER;0.19208;578800;1;100
SCANIA R490;2016;22302641;33999;;AUTRE/EXONERE;;;1;100
SCANIA TRACTOR;1994;2500001;;OUI;D_TRACTEUR_ROUTIER;0.19208;578800;1;100
SCANIA TRUCK;1981;2500001;;OUI;C_CAMION_BUS;0.23338;682050;1;100
SCANIA TRUCK;1982;2500000;;OUI;D_TRACTEUR_ROUTIER;0.19208;578800;1;100
SCANIA TRUCK;1991;6500001;9908;;AUTRE/EXONERE;;;1;100
SCANIA TRUCK;2001;2500000;;OUI;D_TRACTEUR_ROUTIER;0.19208;578800;1;100
SCANIA TRUCK 02 05;1996;2500000;;OUI;D_TRACTEUR_ROUTIER;0.19208;578800;1;100
SCANIA TRUCK 113;1994;2500000;;OUI;C_CAMION_BUS;0.23338;682050;1;100
SCANIA TRUCK P420;1996;2500000;;OUI;C_CAMION_BUS;0.23338;682050;1;100
SCANIA TRUCK R113;1993;2500000;;OUI;D_TRACTEUR_ROUTIER;0.19208;578800;1;100
SCANIA TRUCK R143;1991;2500000;;OUI;C_CAMION_BUS;0.23338;682050;1;100
SCANIA TRUCK R143;1995;2500001;;OUI;AUTRE/EXONERE;;;1;100
SCANIA TRUCK S 450;1999;2500000;;OUI;C_CAMION_BUS;0.23338;682050;1;100
SCANIA TYPE TRUCK;1996;2500001;;OUI;D_TRACTEUR_ROUTIER;0.19208;578800;1;100
SCION IM;2016;4453765;6789;;B_TOURISME_STANDARD;0.31598;1505901;1;100
SCION XA 11;2006;1525990;2326;;B_TOURISME_STANDARD;0.31598;580782;1;100
SCION XB;2008;2417009;3684;;A_TOURISME_13CV_PLUS;0.40208;1070431;1;100
SCION XD;2012;1971001;3004;;B_TOURISME_STANDARD;0.31598;721397;1;100
SEAT ALHAMBRA;2004;1500001;;OUI;B_TOURISME_STANDARD;0.31598;572570;1;100
SEAT ALTEA;2005;1500000;;OUI;B_TOURISME_STANDARD;0.31598;572570;1;100
SEAT ALTEA;2008;1500001;;OUI;B_TOURISME_STANDARD;0.31598;572570;1;100
SEAT IBIZA 08;2009;1933340;2947;;B_TOURISME_STANDARD;0.31598;709497;1;100
SEAT INCA;1997;1500001;;OUI;C_CAMION_BUS;0.23338;448670;1;100
SEAT LEON;2004;1500001;;OUI;B_TOURISME_STANDARD;0.31598;572570;1;100
SEMI BENNE BENALU 29 05 AUTRES REMORQUES;1996;2500001;;OUI;C_CAMION_BUS;0.23338;682050;1;100
SEMI BENNE GEN TRAIL 07 01 AUTRES REMORQ;2004;2700001;4115;;C_CAMION_BUS;0.23338;728726;1;100
SEMI BENNE GEN TRAIL 13 04 AUTRES REMORQ;2004;2700001;4115;;C_CAMION_BUS;0.23338;728726;1;100
SEMI BENNE KAISER 10 03 AUTRES REMORQUES;2003;2600001;3963;;C_CAMION_BUS;0.23338;705388;1;100
SEMI FRUEHAUF 08 07 AUTRES REMORQUES ET ;1999;2500001;;OUI;C_CAMION_BUS;0.23338;682050;1;100
SEMI FRUEHAUF 10 05 AUTRES REMORQUES ET ;1985;2500001;;OUI;C_CAMION_BUS;0.23338;682050;1;100
SEMI FRUEHAUF 12 05 AUTRES REMORQUES ET ;1998;2500000;;OUI;C_CAMION_BUS;0.23338;682050;1;100
SEMI FRUEHAUF 19 12 AUTRES REMORQUES ET ;1991;2500000;;OUI;C_CAMION_BUS;0.23338;682050;1;100
SEMI FRUEHAUF 20 04 AUTRES REMORQUES ET ;1988;2500001;;OUI;C_CAMION_BUS;0.23338;682050;1;100
SEMI FRUEHAUF 22 10 AUTRES REMORQUES ET ;1981;2500001;;OUI;C_CAMION_BUS;0.23338;682050;1;100
SEMI FRUEHAUF 25 01 AUTRES REMORQUES ET ;1989;2500001;;OUI;C_CAMION_BUS;0.23338;682050;1;100
SEMI FRUEHAUF 30 11 AUTRES REMORQUES ET ;2006;2800000;4268;;C_CAMION_BUS;0.23338;752064;1;100
SEMI FRUEHAUF DU 21 03 AUTRES REMORQUES ;1991;2500000;;OUI;AUTRE/EXONERE;;;1;100
SEMI GEN TRAIL 08 02 AUTRES REMORQUES ET;2001;2500001;;OUI;C_CAMION_BUS;0.23338;682050;1;100
SEMI GEN TRAIL 17 08 AUTRES REMORQUES ET;2001;2500001;;OUI;C_CAMION_BUS;0.23338;682050;1;100
SEMI GEN TRAIL 24 08 AUTRES REMORQUES ET;2001;2600000;3963;;C_CAMION_BUS;0.23338;705388;1;100
SEMI GEN TRAIL USAGE 06 08 AUTRES REMORQ;2001;2500000;;OUI;C_CAMION_BUS;0.23338;682050;1;100
SEMI LECINENA 20 02 AUTRES REMORQUES ET ;2008;2716919;4141;;C_CAMION_BUS;0.23338;732675;1;100
SEMI REMORQU CITENNE CITERNES;2024;40403770;61594;;AUTRE/EXONERE;;;1;100
SEMI REMORQUE BENNE AUTRES REMORQUES ET ;1995;2500001;;OUI;C_CAMION_BUS;0.23338;682050;1;100
SEMI REMORQUE TRAILER AUTRES REMORQUES E;2004;2500001;;OUI;C_CAMION_BUS;0.23338;682050;1;100
SEMI SAMRO 07 01 AUTRES REMORQUES ET SEM;1999;2500001;;OUI;C_CAMION_BUS;0.23338;682050;1;100
SEMI TRAILOR 10 10 AUTRES REMORQUES ET S;1989;2500001;;OUI;C_CAMION_BUS;0.23338;682050;1;100
SEMI TRAILOR 21 11 AUTRES REMORQUES ET S;1985;2500003;;OUI;C_CAMION_BUS;0.23338;682051;1;100
SEMI TRAILOR 27 05 AUTRES REMORQUES ET S;1994;2500001;;OUI;AUTRE/EXONERE;;;1;100
SEMI TRAILOR BENNE DU 31 03 AUTRES REMOR;2008;2500001;;OUI;C_CAMION_BUS;0.23338;682050;1;100
SEMI TRAILOR DU 13 07;2005;2700001;4115;;D_TRACTEUR_ROUTIER;0.19208;617216;1;100
SEMI TRAILOR USAGEE DU 29 09 AUTRES REMO;1997;2500001;;OUI;C_CAMION_BUS;0.23338;682050;1;100
SEMI TROUILLET 17 01 AUTRES REMORQUES ET;2002;2500001;;OUI;C_CAMION_BUS;0.23338;682050;1;100
SEMI TROUILLET 23 10 AUTRES REMORQUES ET;2001;2500001;;OUI;C_CAMION_BUS;0.23338;682050;1;100
SINOTRUCK 6X4 TRUCK;2019;16000000;24391;;AUTRE/EXONERE;;;1;100
SINOTRUCK HOWO CRANE TRUCK CAMIONS GRUES;2024;687681956;1048364;;AUTRE/EXONERE;;;1;100
SINOTRUCK HOWO CRANE TRUCK CAMIONS GRUES;2025;42016998;64054;;AUTRE/EXONERE;;;1;100
SINOTRUCK HOWO TIPPER TRUCK AUTRES;2024;52868523;80597;;AUTRE/EXONERE;;;1;100
SINOTRUCK HOWO TRACTOR NEUFS;2025;7508554;11446;;AUTRE/EXONERE;;;1;100
SINOTRUK HOWO CRANE TRUCK CAMIONS GRUES;2024;165301164;251999;;AUTRE/EXONERE;;;1;100
SINOTRUK HOWO TIPPER TRUCK PRESENTES ENT;2024;213786750;325915;;AUTRE/EXONERE;;;1;100
SINOTRUK HOWO TRACTOR TRUCK NEUFS;2025;95750880;145971;;AUTRE/EXONERE;;;1;100
SISU TRUCK;2003;2500000;;OUI;D_TRACTEUR_ROUTIER;0.19208;578800;1;100
SLING MOTORCYCLE;2016;1424145;2170;;B_TOURISME_STANDARD;0.31598;548601;1;100
SLING MOTORCYCLE;2019;1582385;2412;;B_TOURISME_STANDARD;0.31598;598602;1;100
SMART FORFOUR 25 04;2005;1500001;;OUI;B_TOURISME_STANDARD;0.31598;572570;1;100
SREM CASTERA 27 04 AUTRES REMORQUES ET S;1987;2500000;;OUI;C_CAMION_BUS;0.23338;682050;1;100
SREM FRUEHAUF AUTRES REMORQUES ET SEMI R;2004;2500001;;OUI;C_CAMION_BUS;0.23338;682050;1;100
SREM GEN TRAIL DF33C1 07 AUTRES REMORQUE;2002;2500001;;OUI;C_CAMION_BUS;0.23338;682050;1;100
SREM TRAILER ATTACHED;1999;2500001;;OUI;C_CAMION_BUS;0.23338;682050;1;100
SREM TRAILER ATTACHED AUTRES REMORQUES E;2000;2500000;;OUI;C_CAMION_BUS;0.23338;682050;1;100
SREM TRAILER AUTRES REMORQUES ET SEMI RE;2005;2650001;4039;;C_CAMION_BUS;0.23338;717057;1;100
SREM TRAILER GENERAL AUTRES REMORQUES ET;1990;2500003;;OUI;C_CAMION_BUS;0.23338;682051;1;100
SREM TRAILER GENERAL FRUEHAUF AUTRES REM;1990;2500000;;OUI;C_CAMION_BUS;0.23338;682050;1;100
SSANGYONG REXTON;2007;1753608;2673;;A_TOURISME_13CV_PLUS;0.40208;803691;1;100
SUBARU FORESTER;2005;1500001;;OUI;A_TOURISME_13CV_PLUS;0.40208;701720;1;100
SUBARU FORESTER 17 08;2001;1500003;;OUI;B_TOURISME_STANDARD;0.31598;572571;1;100
SUBARU FORESTER 23 11;2004;1500000;;OUI;B_TOURISME_STANDARD;0.31598;572570;1;100
SUBARU XV CROSS TREK 2 0I;2014;3676453;5604;;B_TOURISME_STANDARD;0.31598;1260286;1;100
SUZIKI SWIFT;2007;1500001;;OUI;B_TOURISME_STANDARD;0.31598;572570;1;100
SUZUKI ALTO;2011;1500001;;OUI;B_TOURISME_STANDARD;0.31598;572570;1;100
SUZUKI ALTO;2012;1500000;;OUI;B_TOURISME_STANDARD;0.31598;572570;1;100
SUZUKI CARRY;2002;1500001;;OUI;C_CAMION_BUS;0.23338;448670;1;100
SUZUKI GRAND VITARA;2005;1500001;;OUI;B_TOURISME_STANDARD;0.31598;572570;1;100
SUZUKI GRAND VITARA;2010;2215403;3377;;A_TOURISME_13CV_PLUS;0.40208;989369;1;100
SUZUKI IGNIS;2002;1500000;;OUI;B_TOURISME_STANDARD;0.31598;572570;1;100
SUZUKI IGNIS 27 11;2001;1500000;;OUI;B_TOURISME_STANDARD;0.31598;572570;1;100
SUZUKI JIMNY;2000;1500001;;OUI;B_TOURISME_STANDARD;0.31598;572570;1;100
SUZUKI SPLASH 09;2009;1654557;2522;;B_TOURISME_STANDARD;0.31598;621407;1;100
SUZUKI SWIFT;2005;1500001;;OUI;B_TOURISME_STANDARD;0.31598;572570;1;100
SUZUKI SWIFT;2007;1500003;;OUI;B_TOURISME_STANDARD;0.31598;572571;1;100
SUZUKI SWIFT;2010;1687356;2572;;B_TOURISME_STANDARD;0.31598;631771;1;100
SUZUKI SX4 09 10;2006;1500001;;OUI;B_TOURISME_STANDARD;0.31598;572570;1;100
SUZUKI VITARA;2009;2153088;3282;;A_TOURISME_13CV_PLUS;0.40208;964314;1;100
T4 TRANSPORTEUR;1996;1500001;;OUI;C_CAMION_BUS;0.23338;448670;1;100
THOMAS TRUC 20 11;1990;2500001;;OUI;D_TRACTEUR_ROUTIER;0.19208;578800;1;100
THOMAS TRUC CHARGEUSES ET CHARGEUSES PEL;1983;1230001;1874;;AUTRE/EXONERE;;;1;100
TIANMA SMG3257ZZN38H5L3;2008;5600000;8536;;AUTRE/EXONERE;;;1;100
TIPPER SEMI TRAILER D UNE CAPACITE SUPER;2025;81363050;124036;;AUTRE/EXONERE;;;1;100
TITAN 111 STREETBUIL USAG S;1997;2500001;;OUI;D_TRACTEUR_ROUTIER;0.19208;578800;1;100
TOTOTA HIGHLANDER;2011;7946753;12114;;A_TOURISME_13CV_PLUS;0.40208;3293830;1;100
TOTOTA RAV4;2013;5749287;8764;;AUTRE/EXONERE;;;1;100
TOYOTA 4 RUNNER;1998;1500000;;OUI;A_TOURISME_13CV_PLUS;0.40208;701720;1;100
TOYOTA 4 RUNNER;2001;1500001;;OUI;A_TOURISME_13CV_PLUS;0.40208;701720;1;100
TOYOTA 4 RUNNER;2006;2922099;4454;;A_TOURISME_13CV_PLUS;0.40208;1273518;1;100
TOYOTA 4 RUNNER;2011;7946753;12114;;A_TOURISME_13CV_PLUS;0.40208;3293830;1;100
TOYOTA 4 RUNNER;2015;12341685;18814;;A_TOURISME_13CV_PLUS;0.40208;5060945;1;100
TOYOTA 4RUNNER;2000;1500001;;OUI;A_TOURISME_13CV_PLUS;0.40208;701720;1;100
TOYOTA 4RUNNER;2003;1500000;;OUI;A_TOURISME_13CV_PLUS;0.40208;701720;1;100
TOYOTA 4RUNNER;2004;1500001;;OUI;AUTRE/EXONERE;;;1;100
TOYOTA 4RUNNER;2008;4470164;6814;;A_TOURISME_13CV_PLUS;0.40208;1895964;1;100
TOYOTA 4RUNNER;2010;6716828;10239;;A_TOURISME_13CV_PLUS;0.40208;2799302;1;100
TOYOTA 4RUNNER;2015;11718523;17864;;A_TOURISME_13CV_PLUS;0.40208;4810384;1;100
TOYOTA 4RUNNER SR5;2005;2148161;3274;;A_TOURISME_13CV_PLUS;0.40208;962333;1;100
TOYOTA AQUA;2013;3250952;4955;;B_TOURISME_STANDARD;0.31598;1125836;1;100
TOYOTA AURIS;2004;1500000;;OUI;B_TOURISME_STANDARD;0.31598;572570;1;100
TOYOTA AURIS;2012;3369893;5137;;B_TOURISME_STANDARD;0.31598;1163419;1;100
TOYOTA AURIS;2013;3858584;5882;;B_TOURISME_STANDARD;0.31598;1317835;1;100
TOYOTA AURIS 13 07;2007;2038295;3107;;B_TOURISME_STANDARD;0.31598;742660;1;100
TOYOTA AURIS 19 11;2007;2038295;3107;;B_TOURISME_STANDARD;0.31598;742660;1;100
TOYOTA AURIS 20 07;2008;2261321;3447;;B_TOURISME_STANDARD;0.31598;813132;1;100
TOYOTA AURIS 24 03;2010;2756571;4202;;B_TOURISME_STANDARD;0.31598;969621;1;100
TOYOTA AURIS 29 06;2007;1690635;2577;;B_TOURISME_STANDARD;0.31598;632807;1;100
TOYOTA AURIS 29 10;2007;2038295;3107;;B_TOURISME_STANDARD;0.31598;742660;1;100
TOYOTA AURIS 31 10;2007;2038295;3107;;B_TOURISME_STANDARD;0.31598;742660;1;100
TOYOTA AVALON;2005;1500001;;OUI;A_TOURISME_13CV_PLUS;0.40208;701720;1;100
TOYOTA AVALON;2014;4273377;6514;;A_TOURISME_13CV_PLUS;0.40208;1816839;1;100
TOYOTA AVALON;2016;5388509;8214;;A_TOURISME_13CV_PLUS;0.40208;2265212;1;100
TOYOTA AVALON TOURING;2013;1500001;;OUI;A_TOURISME_13CV_PLUS;0.40208;701720;1;100
TOYOTA AVALON XLS;2012;3584619;5464;;A_TOURISME_13CV_PLUS;0.40208;1539904;1;100
TOYOTA AVENSIS;1986;1500001;;OUI;B_TOURISME_STANDARD;0.31598;572570;1;100
TOYOTA AVENSIS;2011;2356435;3592;;B_TOURISME_STANDARD;0.31598;843186;1;100
TOYOTA AVENSIS 01 11;2004;1500001;;OUI;B_TOURISME_STANDARD;0.31598;572570;1;100
TOYOTA AVENSIS 02 11;2001;1500001;;OUI;B_TOURISME_STANDARD;0.31598;572570;1;100
TOYOTA AVENSIS 04 09;2001;1500001;;OUI;B_TOURISME_STANDARD;0.31598;572570;1;100
TOYOTA AVENSIS 05 10;2001;1500000;;OUI;B_TOURISME_STANDARD;0.31598;572570;1;100
TOYOTA AVENSIS 06 08;1998;1500001;;OUI;B_TOURISME_STANDARD;0.31598;572570;1;100
TOYOTA AVENSIS 06 08;2003;1500001;;OUI;B_TOURISME_STANDARD;0.31598;572570;1;100
TOYOTA AVENSIS 07;2005;1500001;;OUI;B_TOURISME_STANDARD;0.31598;572570;1;100
TOYOTA AVENSIS 07 07;2005;1500001;;OUI;B_TOURISME_STANDARD;0.31598;572570;1;100
TOYOTA AVENSIS 07 08;2007;2074374;3162;;B_TOURISME_STANDARD;0.31598;754061;1;100
TOYOTA AVENSIS 08 10;2004;1500001;;OUI;B_TOURISME_STANDARD;0.31598;572570;1;100
TOYOTA AVENSIS 08 11;2004;1500000;;OUI;B_TOURISME_STANDARD;0.31598;572570;1;100
TOYOTA AVENSIS 08 12;2005;1500001;;OUI;B_TOURISME_STANDARD;0.31598;572570;1;100
TOYOTA AVENSIS 09;2007;1992377;3037;;B_TOURISME_STANDARD;0.31598;728151;1;100
TOYOTA AVENSIS 09 05;2008;2074374;3162;;B_TOURISME_STANDARD;0.31598;754061;1;100
TOYOTA AVENSIS 09 07;1999;1500001;;OUI;B_TOURISME_STANDARD;0.31598;572570;1;100
TOYOTA AVENSIS 10;2006;1653902;2521;;B_TOURISME_STANDARD;0.31598;621200;1;100
TOYOTA AVENSIS 10 02;2004;1500001;;OUI;B_TOURISME_STANDARD;0.31598;572570;1;100
TOYOTA AVENSIS 10 05;2004;1500001;;OUI;B_TOURISME_STANDARD;0.31598;572570;1;100
TOYOTA AVENSIS 11 11;2005;1500001;;OUI;B_TOURISME_STANDARD;0.31598;572570;1;100
TOYOTA AVENSIS 12 08;2009;2336755;3562;;B_TOURISME_STANDARD;0.31598;836968;1;100
TOYOTA AVENSIS 13 10;2003;1500001;;OUI;B_TOURISME_STANDARD;0.31598;572570;1;100
TOYOTA AVENSIS 15 10;2003;1500001;;OUI;B_TOURISME_STANDARD;0.31598;572570;1;100
TOYOTA AVENSIS 16 09;2004;1500001;;OUI;B_TOURISME_STANDARD;0.31598;572570;1;100
TOYOTA AVENSIS 18 03;1999;1500001;;OUI;B_TOURISME_STANDARD;0.31598;572570;1;100
TOYOTA AVENSIS 18 03;2005;1500001;;OUI;B_TOURISME_STANDARD;0.31598;572570;1;100
TOYOTA AVENSIS 19 12;2003;1500001;;OUI;B_TOURISME_STANDARD;0.31598;572570;1;100
TOYOTA AVENSIS 20 06;2003;1500000;;OUI;B_TOURISME_STANDARD;0.31598;572570;1;100
TOYOTA AVENSIS 20 12;2005;1500001;;OUI;B_TOURISME_STANDARD;0.31598;572570;1;100
TOYOTA AVENSIS 21 01;2004;1500000;;OUI;B_TOURISME_STANDARD;0.31598;572570;1;100
TOYOTA AVENSIS 22 05;2015;4612938;7032;;B_TOURISME_STANDARD;0.31598;1556196;1;100
TOYOTA AVENSIS 22 11;2005;1500001;;OUI;B_TOURISME_STANDARD;0.31598;572570;1;100
TOYOTA AVENSIS 24 02;2005;1500001;;OUI;B_TOURISME_STANDARD;0.31598;572570;1;100
TOYOTA AVENSIS 24 03;2005;1500001;;OUI;B_TOURISME_STANDARD;0.31598;572570;1;100
TOYOTA AVENSIS 24 05;2004;1500001;;OUI;B_TOURISME_STANDARD;0.31598;572570;1;100
TOYOTA AVENSIS 25 11;2003;1500000;;OUI;B_TOURISME_STANDARD;0.31598;572570;1;100
TOYOTA AVENSIS 26 10;2001;1500000;;OUI;B_TOURISME_STANDARD;0.31598;572570;1;100
TOYOTA AVENSIS 27 04;1999;1500001;;OUI;B_TOURISME_STANDARD;0.31598;572570;1;100
TOYOTA AVENSIS 27 07;1998;1500000;;OUI;B_TOURISME_STANDARD;0.31598;572570;1;100
TOYOTA AVENSIS 28 02;2005;1500000;;OUI;B_TOURISME_STANDARD;0.31598;572570;1;100
TOYOTA AVENSIS 28 03;2003;1500001;;OUI;B_TOURISME_STANDARD;0.31598;572570;1;100
TOYOTA AVENSIS 28 07;2005;1500001;;OUI;B_TOURISME_STANDARD;0.31598;572570;1;100
TOYOTA AVENSIS 28 08;2001;1500000;;OUI;B_TOURISME_STANDARD;0.31598;572570;1;100
TOYOTA AVENSIS 28 11;2003;1500001;;OUI;B_TOURISME_STANDARD;0.31598;572570;1;100
TOYOTA AVENSIS 29 03;2004;1500001;;OUI;B_TOURISME_STANDARD;0.31598;572570;1;100
TOYOTA AVENSIS 29 06;2006;1500001;;OUI;B_TOURISME_STANDARD;0.31598;572570;1;100
TOYOTA AVENSIS 29 07;2003;1500003;;OUI;B_TOURISME_STANDARD;0.31598;572571;1;100
TOYOTA AVENSIS 29 07;2005;1500001;;OUI;B_TOURISME_STANDARD;0.31598;572570;1;100
TOYOTA AVENSIS 30 03;2004;1500001;;OUI;B_TOURISME_STANDARD;0.31598;572570;1;100
TOYOTA AVENSIS 30 09;2003;1500001;;OUI;B_TOURISME_STANDARD;0.31598;572570;1;100
TOYOTA AVENSIS 30 10;2000;1500001;;OUI;B_TOURISME_STANDARD;0.31598;572570;1;100
TOYOTA AVENSIS 30 10;2001;1500000;;OUI;B_TOURISME_STANDARD;0.31598;572570;1;100
TOYOTA AVENSIS 5F0;2004;1500001;;OUI;B_TOURISME_STANDARD;0.31598;572570;1;100
TOYOTA AVENSIS M C;1998;1500000;;OUI;B_TOURISME_STANDARD;0.31598;572570;1;100
TOYOTA AVENSIS M C;1999;1500000;;OUI;B_TOURISME_STANDARD;0.31598;572570;1;100
TOYOTA AVENSIS M C;2000;1500000;;OUI;B_TOURISME_STANDARD;0.31598;572570;1;100
TOYOTA AVENSIS VERSO 01 08;2003;1500001;;OUI;B_TOURISME_STANDARD;0.31598;572570;1;100
TOYOTA AVENSIS VERSO 24 05;2004;1500001;;OUI;B_TOURISME_STANDARD;0.31598;572570;1;100
TOYOTA AVENSIS VERSO 27 06;2005;1500001;;OUI;B_TOURISME_STANDARD;0.31598;572570;1;100
TOYOTA AVENSIS VERSO 28 03;2005;1500000;;OUI;B_TOURISME_STANDARD;0.31598;572570;1;100
TOYOTA AVENSIS VERSO 29 05;2002;1500001;;OUI;B_TOURISME_STANDARD;0.31598;572570;1;100
TOYOTA AVENSIS VERSO 29 10;2004;1500001;;OUI;B_TOURISME_STANDARD;0.31598;572570;1;100
TOYOTA AVENSIS VERSO 30 09;2004;1500000;;OUI;B_TOURISME_STANDARD;0.31598;572570;1;100
TOYOTA AYGO 01 03;2007;1500000;;OUI;B_TOURISME_STANDARD;0.31598;572570;1;100
TOYOTA AYGO 23 04;2008;1500001;;OUI;B_TOURISME_STANDARD;0.31598;572570;1;100
TOYOTA BH9F PRADO 25 07;2019;9773896;14900;;AUTRE/EXONERE;;;1;100
TOYOTA C HR;2021;15879051;24207;;B_TOURISME_STANDARD;0.31598;5116063;1;100
TOYOTA C HR AUTRES;2023;14548775;22179;;AUTRE/EXONERE;;;1;100
TOYOTA C HR GRAVE ACCIDENTE;2018;2024209;3085;;B_TOURISME_STANDARD;0.31598;738210;1;100
TOYOTA CAMRY;2018;11856275;18074;;A_TOURISME_13CV_PLUS;0.40208;4865771;1;100
TOYOTA CAMRY;2020;17359779;26464;;A_TOURISME_13CV_PLUS;0.40208;7078620;1;100
TOYOTA CAMRY 04;2008;2423570;3694;;A_TOURISME_13CV_PLUS;0.40208;1073069;1;100
TOYOTA CAMRY 07;2006;2058858;3138;;A_TOURISME_13CV_PLUS;0.40208;926426;1;100
TOYOTA CAMRY 08;2007;2423569;3694;;A_TOURISME_13CV_PLUS;0.40208;1073069;1;100
TOYOTA CAMRY ACCIDENTE;2009;1711089;2608;;A_TOURISME_13CV_PLUS;0.40208;786595;1;100
TOYOTA CAMRY AUTRES;2023;22847905;34831;;AUTRE/EXONERE;;;1;100
TOYOTA CAMRY C;2016;6011671;9164;;A_TOURISME_13CV_PLUS;0.40208;2515773;1;100
TOYOTA CAMRY GRAVE ACCIDENTE;2010;1500003;;OUI;A_TOURISME_13CV_PLUS;0.40208;701721;1;100
TOYOTA CAMRY LE;2007;2058855;3138;;A_TOURISME_13CV_PLUS;0.40208;926424;1;100
TOYOTA CAMRY LE;2009;2430129;3704;;A_TOURISME_13CV_PLUS;0.40208;1075706;1;100
TOYOTA CAMRY M C;2003;1500000;;OUI;B_TOURISME_STANDARD;0.31598;572570;1;100
TOYOTA CAMRY M C;2006;1694141;2582;;A_TOURISME_13CV_PLUS;0.40208;779780;1;100
TOYOTA CAMRY M C;2007;2058855;3138;;A_TOURISME_13CV_PLUS;0.40208;926424;1;100
TOYOTA CAMRY M C;2008;2075910;3164;;A_TOURISME_13CV_PLUS;0.40208;933282;1;100
TOYOTA CAMRY M C;2012;3148404;4799;;A_TOURISME_13CV_PLUS;0.40208;1364510;1;100
TOYOTA CAMRY M C;2015;4912919;7489;;A_TOURISME_13CV_PLUS;0.40208;2073986;1;100
TOYOTA CAMRY SE LE XLE;2012;3584619;5464;;A_TOURISME_13CV_PLUS;0.40208;1539904;1;100
TOYOTA CAMRY XLE;2011;2764669;4214;;A_TOURISME_13CV_PLUS;0.40208;1210218;1;100
TOYOTA CARINA;1994;1500001;;OUI;B_TOURISME_STANDARD;0.31598;572570;1;100
TOYOTA CARINA;2000;1500001;;OUI;B_TOURISME_STANDARD;0.31598;572570;1;100
TOYOTA CARINA 07 11;1997;1500001;;OUI;B_TOURISME_STANDARD;0.31598;572570;1;100
TOYOTA CARINA 26 05;1995;1500001;;OUI;B_TOURISME_STANDARD;0.31598;572570;1;100
TOYOTA CARINA M C;1997;1500000;;OUI;B_TOURISME_STANDARD;0.31598;572570;1;100
TOYOTA CELICA;2001;1500001;;OUI;B_TOURISME_STANDARD;0.31598;572570;1;100
TOYOTA CHR;2018;9717845;14814;;B_TOURISME_STANDARD;0.31598;3169245;1;100
TOYOTA COASTER BUS USAGES;2012;10769001;16417;;C_CAMION_BUS;0.23338;2611869;1;100
TOYOTA COROLLA;1995;1500001;;OUI;B_TOURISME_STANDARD;0.31598;572570;1;100
TOYOTA COROLLA;1999;1500001;;OUI;B_TOURISME_STANDARD;0.31598;572570;1;100
TOYOTA COROLLA;2018;9160279;13964;;B_TOURISME_STANDARD;0.31598;2993065;1;100
TOYOTA COROLLA;2020;12079301;18414;;B_TOURISME_STANDARD;0.31598;3915418;1;100
TOYOTA COROLLA 03;2008;2374372;3619;;B_TOURISME_STANDARD;0.31598;848854;1;100
TOYOTA COROLLA 05 01;2006;1500001;;OUI;B_TOURISME_STANDARD;0.31598;572570;1;100
TOYOTA COROLLA 06;2006;1664623;2537;;B_TOURISME_STANDARD;0.31598;624588;1;100
TOYOTA COROLLA 06;2008;2082470;3174;;B_TOURISME_STANDARD;0.31598;756619;1;100
TOYOTA COROLLA 06;2010;2636755;4019;;B_TOURISME_STANDARD;0.31598;931762;1;100
TOYOTA COROLLA 07;2006;2019498;3078;;B_TOURISME_STANDARD;0.31598;736721;1;100
TOYOTA COROLLA 07;2011;3279597;4999;;B_TOURISME_STANDARD;0.31598;1134887;1;100
TOYOTA COROLLA 07;2013;4010993;6114;;B_TOURISME_STANDARD;0.31598;1365994;1;100
TOYOTA COROLLA 08;2014;4912940;7489;;B_TOURISME_STANDARD;0.31598;1650991;1;100
TOYOTA COROLLA 08 10;2002;1500000;;OUI;B_TOURISME_STANDARD;0.31598;572570;1;100
TOYOTA COROLLA 09;2007;2374373;3619;;B_TOURISME_STANDARD;0.31598;848854;1;100
TOYOTA COROLLA 10;2003;1500001;;OUI;B_TOURISME_STANDARD;0.31598;572570;1;100
TOYOTA COROLLA 10;2011;3279597;4999;;B_TOURISME_STANDARD;0.31598;1134887;1;100
TOYOTA COROLLA 10 05;2006;1500001;;OUI;B_TOURISME_STANDARD;0.31598;572570;1;100
TOYOTA COROLLA 11;2010;2679394;4084;;B_TOURISME_STANDARD;0.31598;945235;1;100
TOYOTA COROLLA 12 11;2003;1500002;;OUI;AUTRE/EXONERE;;;1;100
TOYOTA COROLLA 12 11;2004;1500001;;OUI;B_TOURISME_STANDARD;0.31598;572570;1;100
TOYOTA COROLLA 16 02;2007;1619792;2469;;B_TOURISME_STANDARD;0.31598;610422;1;100
TOYOTA COROLLA 16 12;2003;1501015;;OUI;B_TOURISME_STANDARD;0.31598;572891;1;100
TOYOTA COROLLA 17 03;2006;1500001;;OUI;B_TOURISME_STANDARD;0.31598;572570;1;100
TOYOTA COROLLA 20 05;2003;1500001;;OUI;B_TOURISME_STANDARD;0.31598;572570;1;100
TOYOTA COROLLA 26 02;2004;1500001;;OUI;B_TOURISME_STANDARD;0.31598;572570;1;100
TOYOTA COROLLA 27 06;2007;1719498;2621;;B_TOURISME_STANDARD;0.31598;641927;1;100
TOYOTA COROLLA 29 07;2005;1500000;;OUI;B_TOURISME_STANDARD;0.31598;572570;1;100
TOYOTA COROLLA 29 11;2001;1500001;;OUI;B_TOURISME_STANDARD;0.31598;572570;1;100
TOYOTA COROLLA 30 01;2006;1500001;;OUI;B_TOURISME_STANDARD;0.31598;572570;1;100
TOYOTA COROLLA 31 05;2005;1500001;;OUI;B_TOURISME_STANDARD;0.31598;572570;1;100
TOYOTA COROLLA ACCIDENTE;2010;1498935;;OUI;B_TOURISME_STANDARD;0.31598;572233;1;100
TOYOTA COROLLA ACCIDENTE;2011;1498935;;OUI;B_TOURISME_STANDARD;0.31598;572233;1;100
TOYOTA COROLLA BASE;2009;2758108;4204;;B_TOURISME_STANDARD;0.31598;970107;1;100
TOYOTA COROLLA CE;2005;1500001;;OUI;B_TOURISME_STANDARD;0.31598;572570;1;100
TOYOTA COROLLA CE;2007;2019500;3078;;B_TOURISME_STANDARD;0.31598;736722;1;100
TOYOTA COROLLA LE;2003;1500001;;OUI;B_TOURISME_STANDARD;0.31598;572570;1;100
TOYOTA COROLLA LE;2006;1500000;;OUI;B_TOURISME_STANDARD;0.31598;572570;1;100
TOYOTA COROLLA M C;2000;1500000;;OUI;B_TOURISME_STANDARD;0.31598;572570;1;100
TOYOTA COROLLA MATRIX;2005;1500001;;OUI;B_TOURISME_STANDARD;0.31598;572570;1;100
TOYOTA COROLLA MATRIX;2006;1589843;2423;;B_TOURISME_STANDARD;0.31598;600959;1;100
TOYOTA COROLLA MATRIX;2009;2551482;3889;;B_TOURISME_STANDARD;0.31598;904817;1;100
TOYOTA COROLLA MATRIX;2010;2457679;3746;;B_TOURISME_STANDARD;0.31598;875177;1;100
TOYOTA COROLLA MATRIX;2011;3371434;5139;;B_TOURISME_STANDARD;0.31598;1163906;1;100
TOYOTA COROLLA MODEL AUTRES;2024;9264255;14123;;AUTRE/EXONERE;;;1;100
TOYOTA COROLLA VERSO 01 07;2005;1500000;;OUI;B_TOURISME_STANDARD;0.31598;572570;1;100
TOYOTA COROLLA VERSO 02 03;2005;1500001;;OUI;B_TOURISME_STANDARD;0.31598;572570;1;100
TOYOTA COROLLA VERSO 03 01;2004;1500001;;OUI;B_TOURISME_STANDARD;0.31598;572570;1;100
TOYOTA COROLLA VERSO 03 01;2005;1500001;;OUI;B_TOURISME_STANDARD;0.31598;572570;1;100
TOYOTA COROLLA VERSO 03 02;2002;1500001;;OUI;B_TOURISME_STANDARD;0.31598;572570;1;100
TOYOTA COROLLA VERSO 04 04;2008;2103891;3207;;B_TOURISME_STANDARD;0.31598;763387;1;100
TOYOTA COROLLA VERSO 06 01;2005;1500001;;OUI;B_TOURISME_STANDARD;0.31598;572570;1;100
TOYOTA COROLLA VERSO 07;2003;1500001;;OUI;B_TOURISME_STANDARD;0.31598;572570;1;100
TOYOTA COROLLA VERSO 07;2006;1619794;2469;;B_TOURISME_STANDARD;0.31598;610423;1;100
TOYOTA COROLLA VERSO 07 09;2004;1500000;;OUI;B_TOURISME_STANDARD;0.31598;572570;1;100
TOYOTA COROLLA VERSO 09;2007;1949740;2972;;B_TOURISME_STANDARD;0.31598;714679;1;100
TOYOTA COROLLA VERSO 10;2004;1500001;;OUI;B_TOURISME_STANDARD;0.31598;572570;1;100
TOYOTA COROLLA VERSO 10 03;2006;1500001;;OUI;B_TOURISME_STANDARD;0.31598;572570;1;100
TOYOTA COROLLA VERSO 11;2006;1753607;2673;;B_TOURISME_STANDARD;0.31598;652705;1;100
TOYOTA COROLLA VERSO 12 09;2004;1500001;;OUI;B_TOURISME_STANDARD;0.31598;572570;1;100
TOYOTA COROLLA VERSO 16 07;2004;1500001;;OUI;B_TOURISME_STANDARD;0.31598;572570;1;100
TOYOTA COROLLA VERSO 16 11;2004;1500000;;OUI;B_TOURISME_STANDARD;0.31598;572570;1;100
TOYOTA COROLLA VERSO 17 12;2002;1500001;;OUI;B_TOURISME_STANDARD;0.31598;572570;1;100
TOYOTA COROLLA VERSO 18 10;2004;1500001;;OUI;B_TOURISME_STANDARD;0.31598;572570;1;100
TOYOTA COROLLA VERSO 20 09;2006;1619792;2469;;B_TOURISME_STANDARD;0.31598;610422;1;100
TOYOTA COROLLA VERSO 22 11;2004;1500001;;OUI;B_TOURISME_STANDARD;0.31598;572570;1;100
TOYOTA COROLLA VERSO 23 07;2004;1500000;;OUI;B_TOURISME_STANDARD;0.31598;572570;1;100
TOYOTA COROLLA VERSO 25 08;2005;1500000;;OUI;B_TOURISME_STANDARD;0.31598;572570;1;100
TOYOTA COROLLA VERSO 27 11;2008;2251482;3432;;B_TOURISME_STANDARD;0.31598;810023;1;100
TOYOTA COROLLA VERSO 28 06;2005;1500001;;OUI;B_TOURISME_STANDARD;0.31598;572570;1;100
TOYOTA COROLLA VERSO 28 07;2008;2346596;3577;;B_TOURISME_STANDARD;0.31598;840077;1;100
TOYOTA COROLLA VERSO 28 11;2005;1500000;;OUI;B_TOURISME_STANDARD;0.31598;572570;1;100
TOYOTA COROLLA VERSO 29 10;2004;1500001;;OUI;B_TOURISME_STANDARD;0.31598;572570;1;100
TOYOTA COROLLA VERSO 30 06;2008;1949740;2972;;B_TOURISME_STANDARD;0.31598;714679;1;100
TOYOTA COROLLA VERSO 31 05;2005;1500000;;OUI;B_TOURISME_STANDARD;0.31598;572570;1;100
TOYOTA COROLLA VERSO 31 08;2004;1500000;;OUI;B_TOURISME_STANDARD;0.31598;572570;1;100
TOYOTA COROLLA VERSO 31 10;2003;1500001;;OUI;B_TOURISME_STANDARD;0.31598;572570;1;100
TOYOTA COROLLA VERSO M C;2005;1500000;;OUI;B_TOURISME_STANDARD;0.31598;572570;1;100
TOYOTA COROLLA VERSO M C;2007;1753607;2673;;B_TOURISME_STANDARD;0.31598;652705;1;100
TOYOTA COROLLLA;2009;2758109;4204;;B_TOURISME_STANDARD;0.31598;970107;1;100
TOYOTA COROOLA VERSO;2006;1500001;;OUI;B_TOURISME_STANDARD;0.31598;572570;1;100
TOYOTA COSTA BUS USAGES;2013;2625718;4002;;C_CAMION_BUS;0.23338;711390;1;100
TOYOTA DYNA;1990;2500001;;OUI;D_TRACTEUR_ROUTIER;0.19208;578800;1;100
TOYOTA DYNA;1993;2500003;;OUI;C_CAMION_BUS;0.23338;682051;1;100
TOYOTA DYNA;1996;2500001;;OUI;C_CAMION_BUS;0.23338;682050;1;100
TOYOTA DYNA;1997;2500000;;OUI;C_CAMION_BUS;0.23338;682050;1;100
TOYOTA DYNA;1998;2500001;;OUI;C_CAMION_BUS;0.23338;682050;1;100
TOYOTA DYNA;1999;2500001;;OUI;C_CAMION_BUS;0.23338;682050;1;100
TOYOTA DYNA;2000;2500001;;OUI;C_CAMION_BUS;0.23338;682050;1;100
TOYOTA DYNA;2004;2500000;;OUI;C_CAMION_BUS;0.23338;682050;1;100
TOYOTA DYNA;2005;2000000;3048;;C_CAMION_BUS;0.23338;565360;1;100
TOYOTA DYNA;2007;2500001;;OUI;C_CAMION_BUS;0.23338;682050;1;100
TOYOTA DYNA 100;1997;2500001;;OUI;C_CAMION_BUS;0.23338;682050;1;100
TOYOTA DYNA 100;1999;2500000;;OUI;C_CAMION_BUS;0.23338;682050;1;100
TOYOTA DYNA 100 220R;2001;2500001;;OUI;C_CAMION_BUS;0.23338;682050;1;100
TOYOTA DYNA 150;1989;2500000;;OUI;C_CAMION_BUS;0.23338;682050;1;100
TOYOTA DYNA 150;1992;2500001;;OUI;C_CAMION_BUS;0.23338;682050;1;100
TOYOTA DYNA 150;1996;2500000;;OUI;C_CAMION_BUS;0.23338;682050;1;100
TOYOTA DYNA 150 09 11;2005;2500001;;OUI;C_CAMION_BUS;0.23338;682050;1;100
TOYOTA ECHO;2001;1500001;;OUI;B_TOURISME_STANDARD;0.31598;572570;1;100
TOYOTA ECHO;2005;1500001;;OUI;B_TOURISME_STANDARD;0.31598;572570;1;100
TOYOTA FORTUNER 4X4;2012;4201607;6405;;AUTRE/EXONERE;;;1;100
TOYOTA FORTUNER ANNEE;2014;4692739;7153;;AUTRE/EXONERE;;;1;100
TOYOTA FORTUNER AUTRES;2024;20995280;32006;;AUTRE/EXONERE;;;1;100
TOYOTA FORTUNER NEUF 03 AUTRES;2025;20798363;31706;;AUTRE/EXONERE;;;1;100
TOYOTA HAICE;1998;1500001;;OUI;C_CAMION_BUS;0.23338;448670;1;100
TOYOTA HI ACE;2005;2500000;;OUI;C_CAMION_BUS;0.23338;682050;1;100
TOYOTA HI LUX;1998;1500001;;OUI;C_CAMION_BUS;0.23338;448670;1;100
TOYOTA HI LUX;2000;1500000;;OUI;C_CAMION_BUS;0.23338;448670;1;100
TOYOTA HI LUX;2001;1500003;;OUI;C_CAMION_BUS;0.23338;448671;1;100
TOYOTA HI LUX;2005;1500001;;OUI;C_CAMION_BUS;0.23338;448670;1;100
TOYOTA HI LUX;2009;1500001;;OUI;C_CAMION_BUS;0.23338;448670;1;100
TOYOTA HI LUX;2013;3832346;5842;;C_CAMION_BUS;0.23338;992993;1;100
TOYOTA HI LUX;2014;6187242;9432;;C_CAMION_BUS;0.23338;1542579;1;100
TOYOTA HI LUX;2017;9024269;13757;;C_CAMION_BUS;0.23338;2204684;1;100
TOYOTA HI LUX 13 12;2018;13485811;20558;;C_CAMION_BUS;0.23338;3245919;1;100
TOYOTA HI LUX M C;1999;1500000;;OUI;C_CAMION_BUS;0.23338;448670;1;100
TOYOTA HI LUX PICK UP;2007;1500003;;OUI;C_CAMION_BUS;0.23338;448671;1;100
TOYOTA HIACE;1993;1500001;;OUI;C_CAMION_BUS;0.23338;448670;1;100
TOYOTA HIACE;1996;1500001;;OUI;C_CAMION_BUS;0.23338;448670;1;100
TOYOTA HIACE;1999;1500001;;OUI;C_CAMION_BUS;0.23338;448670;1;100
TOYOTA HIACE;2000;2500001;;OUI;C_CAMION_BUS;0.23338;682050;1;100
TOYOTA HIACE;2001;2500001;;OUI;C_CAMION_BUS;0.23338;682050;1;100
TOYOTA HIACE;2006;1500001;;OUI;C_CAMION_BUS;0.23338;448670;1;100
TOYOTA HIACE;2008;1500001;;OUI;C_CAMION_BUS;0.23338;448670;1;100
TOYOTA HIACE;2010;1500000;;OUI;C_CAMION_BUS;0.23338;448670;1;100
TOYOTA HIACE 13 06;2007;1500001;;OUI;C_CAMION_BUS;0.23338;448670;1;100
TOYOTA HIACE 19 01;2005;1500001;;OUI;C_CAMION_BUS;0.23338;448670;1;100
TOYOTA HIACE 27 03 USAGES;2003;1500001;;OUI;C_CAMION_BUS;0.23338;448670;1;100
TOYOTA HIACE USAGES;1991;1500001;;OUI;C_CAMION_BUS;0.23338;448670;1;100
TOYOTA HIACE USAGES;2002;1500001;;OUI;C_CAMION_BUS;0.23338;448670;1;100
TOYOTA HIACE USAGES;2011;2500001;;OUI;C_CAMION_BUS;0.23338;682050;1;100
TOYOTA HIGHLANDER;2019;19098073;29114;;A_TOURISME_13CV_PLUS;0.40208;7777553;1;100
TOYOTA HIGHLANDER;2020;25001713;38114;;A_TOURISME_13CV_PLUS;0.40208;10151289;1;100
TOYOTA HIGHLANDER 06;2005;2148065;3274;;A_TOURISME_13CV_PLUS;0.40208;962294;1;100
TOYOTA HIGHLANDER 06;2014;8865096;13514;;A_TOURISME_13CV_PLUS;0.40208;3663078;1;100
TOYOTA HIGHLANDER 07;2001;1500001;;OUI;A_TOURISME_13CV_PLUS;0.40208;701720;1;100
TOYOTA HIGHLANDER 07;2003;1500001;;OUI;A_TOURISME_13CV_PLUS;0.40208;701720;1;100
TOYOTA HIGHLANDER 07;2006;3696132;5634;;A_TOURISME_13CV_PLUS;0.40208;1584741;1;100
TOYOTA HIGHLANDER 07;2010;7946753;12114;;A_TOURISME_13CV_PLUS;0.40208;3293830;1;100
TOYOTA HIGHLANDER 08;2009;6716828;10239;;A_TOURISME_13CV_PLUS;0.40208;2799302;1;100
TOYOTA HIGHLANDER 08;2010;7946755;12114;;A_TOURISME_13CV_PLUS;0.40208;3293831;1;100
TOYOTA HIGHLANDER 08;2012;8963490;13664;;A_TOURISME_13CV_PLUS;0.40208;3702640;1;100
TOYOTA HIGHLANDER 10;2016;15916667;24264;;A_TOURISME_13CV_PLUS;0.40208;6498373;1;100
TOYOTA HIGHLANDER G ACCIDENTE;2009;2310867;3522;;A_TOURISME_13CV_PLUS;0.40208;1027753;1;100
TOYOTA HIGHLANDER GR ACCIDENTE;2008;2008372;3061;;A_TOURISME_13CV_PLUS;0.40208;906126;1;100
TOYOTA HIGHLANDER GR ACCIDENTE;2012;2292556;3494;;A_TOURISME_13CV_PLUS;0.40208;1020391;1;100
TOYOTA HIGHLANDER GRV ACIDENTE;2008;1501669;;OUI;A_TOURISME_13CV_PLUS;0.40208;702391;1;100
TOYOTA HIGHLANDER GRV ACIDENTE;2011;2367168;3608;;A_TOURISME_13CV_PLUS;0.40208;1050391;1;100
TOYOTA HIGHLANDER M C;2006;2922098;4454;;A_TOURISME_13CV_PLUS;0.40208;1273517;1;100
TOYOTA HIGHLANDER M C;2008;4470164;6814;;A_TOURISME_13CV_PLUS;0.40208;1895964;1;100
TOYOTA HIGHLANDER M C 03;2004;1500000;;OUI;A_TOURISME_13CV_PLUS;0.40208;701720;1;100
TOYOTA HIGHLANDER M C 09;2013;8865097;13514;;A_TOURISME_13CV_PLUS;0.40208;3663078;1;100
TOYOTA HIGHLANDER PTR AUTRES;2025;22408800;34161;;AUTRE/EXONERE;;;1;100
TOYOTA HIGHLANDER SR5 06;2008;4470164;6814;;A_TOURISME_13CV_PLUS;0.40208;1895964;1;100
TOYOTA HIGHLANER;2007;3284189;5006;;A_TOURISME_13CV_PLUS;0.40208;1419107;1;100
TOYOTA HIGHTLANDER;2008;4470165;6814;;A_TOURISME_13CV_PLUS;0.40208;1895964;1;100
TOYOTA HILUX;1987;1500000;;OUI;C_CAMION_BUS;0.23338;448670;1;100
TOYOTA HILUX;2006;1500001;;OUI;C_CAMION_BUS;0.23338;448670;1;100
TOYOTA HILUX;2008;1500003;;OUI;C_CAMION_BUS;0.23338;448671;1;100
TOYOTA HILUX;2011;1500000;;OUI;C_CAMION_BUS;0.23338;448670;1;100
TOYOTA HILUX;2015;6187242;9432;;C_CAMION_BUS;0.23338;1542579;1;100
TOYOTA HILUX;2018;11601321;17685;;C_CAMION_BUS;0.23338;2806116;1;100
TOYOTA HILUX;2023;25198500;38414;;C_CAMION_BUS;0.23338;5979426;1;100
TOYOTA HILUX 14 08;2008;1500000;;OUI;C_CAMION_BUS;0.23338;448670;1;100
TOYOTA HILUX 29 11;2019;15780657;24057;;C_CAMION_BUS;0.23338;3781490;1;100
TOYOTA HILUX ACCESSOIR AUTRES;2024;22555587;34385;;AUTRE/EXONERE;;;1;100
TOYOTA HILUX ADVENTURE V6 AUTRES;2026;20431440;31147;;AUTRE/EXONERE;;;1;100
TOYOTA HILUX DOUBLE CABINE;2010;3184834;4855;;C_CAMION_BUS;0.23338;841877;1;100
TOYOTA HILUX NEUF MODEL AUTRES;2025;38940371;59364;;AUTRE/EXONERE;;;1;100
TOYOTA HILUX REVO P U AUTRES;2024;23089686;35199;;AUTRE/EXONERE;;;1;100
TOYOTA KLUGER;2004;1500001;;OUI;A_TOURISME_13CV_PLUS;0.40208;701720;1;100
TOYOTA LAND CRUISER;1997;1500000;;OUI;A_TOURISME_13CV_PLUS;0.40208;701720;1;100
TOYOTA LAND CRUISER;1999;1500003;;OUI;A_TOURISME_13CV_PLUS;0.40208;701721;1;100
TOYOTA LAND CRUISER;2000;1500001;;OUI;A_TOURISME_13CV_PLUS;0.40208;701720;1;100
TOYOTA LAND CRUISER;2004;1500001;;OUI;A_TOURISME_13CV_PLUS;0.40208;701720;1;100
TOYOTA LAND CRUISER;2010;6416827;9782;;A_TOURISME_13CV_PLUS;0.40208;2678678;1;100
TOYOTA LAND CRUISER;2012;7745146;11807;;A_TOURISME_13CV_PLUS;0.40208;3212768;1;100
TOYOTA LAND CRUISER;2013;4962186;7564;;A_TOURISME_13CV_PLUS;0.40208;2093796;1;100
TOYOTA LAND CRUISER;2018;19918023;30364;;A_TOURISME_13CV_PLUS;0.40208;8107239;1;100
TOYOTA LAND CRUISER;2020;25001713;38114;;AUTRE/EXONERE;;;1;100
TOYOTA LAND CRUISER 200;2015;13033123;19868;;AUTRE/EXONERE;;;1;100
TOYOTA LAND CRUISER 300 AUTRES;2025;62597000;95428;;AUTRE/EXONERE;;;1;100
TOYOTA LAND CRUISER 4WD VXR AUTRES;2025;62597000;95428;;AUTRE/EXONERE;;;1;100
TOYOTA LAND CRUISER AUTRES;2024;54499997;83084;;AUTRE/EXONERE;;;1;100
TOYOTA LAND CRUISER AUTRES;2026;76121475;116046;;AUTRE/EXONERE;;;1;100
TOYOTA LAND CRUISER GRJ300 AUTRES;2023;64582959;98455;;AUTRE/EXONERE;;;1;100
TOYOTA LAND CRUISER NEUF 05 AUTRES;2024;40679569;62015;;AUTRE/EXONERE;;;1;100
TOYOTA LAND CRUISER PRADO;2010;4148383;6323;;A_TOURISME_13CV_PLUS;0.40208;1766582;1;100
TOYOTA LAND CRUISER PRADO;2011;4642682;7077;;AUTRE/EXONERE;;;1;100
TOYOTA LAND CRUISER PRADO;2012;5854260;8924;;AUTRE/EXONERE;;;1;100
TOYOTA LAND CRUISER PRADO;2017;6456073;9842;;A_TOURISME_13CV_PLUS;0.40208;2694458;1;100
TOYOTA LAND CRUISER PRADO;2018;7571288;11542;;A_TOURISME_13CV_PLUS;0.40208;3142863;1;100
TOYOTA LAND CRUISER PRADO;2019;5142594;7839;;A_TOURISME_13CV_PLUS;0.40208;2166334;1;100
TOYOTA LAND CRUISER VIP;2011;7646752;11657;;B_TOURISME_STANDARD;0.31598;2514821;1;100
TOYOTA LAND CRUISER VXR 3 5 L AUTRES;2025;60157500;91709;;AUTRE/EXONERE;;;1;100
TOYOTA LANDCRUISER;1995;1500001;;OUI;A_TOURISME_13CV_PLUS;0.40208;701720;1;100
TOYOTA LANDCRUISER;1998;1500001;;OUI;A_TOURISME_13CV_PLUS;0.40208;701720;1;100
TOYOTA LANDCRUISER;1999;1500001;;OUI;A_TOURISME_13CV_PLUS;0.40208;701720;1;100
TOYOTA LANDCRUISER;2000;1500001;;OUI;A_TOURISME_13CV_PLUS;0.40208;701720;1;100
TOYOTA LANDCRUISER;2001;1500001;;OUI;A_TOURISME_13CV_PLUS;0.40208;701720;1;100
TOYOTA LANDCRUISER;2004;1618480;2467;;A_TOURISME_13CV_PLUS;0.40208;749358;1;100
TOYOTA LANDCRUISER;2007;3396132;5177;;A_TOURISME_13CV_PLUS;0.40208;1464117;1;100
TOYOTA LANDCRUISER;2010;6416828;9782;;A_TOURISME_13CV_PLUS;0.40208;2678678;1;100
TOYOTA LANDCRUISER;2011;6695611;10207;;B_TOURISME_STANDARD;0.31598;2214279;1;100
TOYOTA LANDCRUISER;2013;8663490;13207;;A_TOURISME_13CV_PLUS;0.40208;3582016;1;100
TOYOTA LANDCRUISER;2015;21328241;32514;;AUTRE/EXONERE;;;1;100
TOYOTA LANDCRUISER 06 AUTRES;2023;17251669;26299;;AUTRE/EXONERE;;;1;100
TOYOTA LANDCRUISER 09 AUTRES;2024;38426340;58580;;AUTRE/EXONERE;;;1;100
TOYOTA LANDCRUISER 13 03;2001;1500001;;OUI;A_TOURISME_13CV_PLUS;0.40208;701720;1;100
TOYOTA LANDCRUISER PRADO AUTRES;2024;21602009;32931;;AUTRE/EXONERE;;;1;100
TOYOTA LITE ACE USAGES;1992;1500001;;OUI;C_CAMION_BUS;0.23338;448670;1;100
TOYOTA MATRIX 03;2006;1578037;2405;;B_TOURISME_STANDARD;0.31598;597228;1;100
TOYOTA MATRIX 07;2005;1589846;2423;;B_TOURISME_STANDARD;0.31598;600960;1;100
TOYOTA MATRIX 09;2010;3371432;5139;;A_TOURISME_13CV_PLUS;0.40208;1454185;1;100
TOYOTA MATRIX ASS COROLA VERSO;2006;1589845;2423;;B_TOURISME_STANDARD;0.31598;600959;1;100
TOYOTA MATRIX BASE;2009;2551482;3889;;B_TOURISME_STANDARD;0.31598;904817;1;100
TOYOTA MATRIX BASE;2011;3407508;5194;;B_TOURISME_STANDARD;0.31598;1175304;1;100
TOYOTA MATRIX BASE;2013;4191382;6389;;B_TOURISME_STANDARD;0.31598;1422993;1;100
TOYOTA MATRIX BASE 06;2009;2951616;4499;;B_TOURISME_STANDARD;0.31598;1031252;1;100
TOYOTA MATRIX M C;2007;1500001;;OUI;B_TOURISME_STANDARD;0.31598;572570;1;100
TOYOTA MATRIX XR;2004;1500001;;OUI;B_TOURISME_STANDARD;0.31598;572570;1;100
TOYOTA MATRIX XR;2005;1500000;;OUI;B_TOURISME_STANDARD;0.31598;572570;1;100
TOYOTA MATRIX XR;2008;2082470;3174;;B_TOURISME_STANDARD;0.31598;756619;1;100
TOYOTA PICNIC 06 08;1998;1500001;;OUI;B_TOURISME_STANDARD;0.31598;572570;1;100
TOYOTA PICNIC 18 02;2000;1500001;;OUI;B_TOURISME_STANDARD;0.31598;572570;1;100
TOYOTA PICNIC 29 06;2000;1500001;;OUI;B_TOURISME_STANDARD;0.31598;572570;1;100
TOYOTA PRADO;2011;7946753;12114;;A_TOURISME_13CV_PLUS;0.40208;3293830;1;100
TOYOTA PRADO;2014;8865097;13514;;A_TOURISME_13CV_PLUS;0.40208;3663078;1;100
TOYOTA PRADO;2019;21656317;33014;;A_TOURISME_13CV_PLUS;0.40208;8806172;1;100
TOYOTA PRADO 19 05;2015;24000001;36587;;AUTRE/EXONERE;;;1;100
TOYOTA PRADO 4 0 TXL LED AUTRES;2023;35391515;53953;;AUTRE/EXONERE;;;1;100
TOYOTA PRADO LAND CRUISER;2012;4876624;7434;;AUTRE/EXONERE;;;1;100
TOYOTA PRADO SCALLOPED;2018;20377195;31064;;A_TOURISME_13CV_PLUS;0.40208;8291863;1;100
TOYOTA PRADO SILVER;2018;20227195;30835;;A_TOURISME_13CV_PLUS;0.40208;8231551;1;100
TOYOTA PREVIA;1993;1500001;;OUI;A_TOURISME_13CV_PLUS;0.40208;701720;1;100
TOYOTA PREVIA;1994;1500000;;OUI;B_TOURISME_STANDARD;0.31598;572570;1;100
TOYOTA PREVIA;1995;1500003;;OUI;B_TOURISME_STANDARD;0.31598;572571;1;100
TOYOTA PREVIA;1996;1500001;;OUI;A_TOURISME_13CV_PLUS;0.40208;701720;1;100
TOYOTA PREVIA 08;2001;1500001;;OUI;A_TOURISME_13CV_PLUS;0.40208;701720;1;100
TOYOTA PREVIA 08 06;2000;1500001;;OUI;A_TOURISME_13CV_PLUS;0.40208;701720;1;100
TOYOTA PREVIA 10;2005;1980570;3019;;A_TOURISME_13CV_PLUS;0.40208;894948;1;100
TOYOTA PREVIA 19 10;2001;1500001;;OUI;A_TOURISME_13CV_PLUS;0.40208;701720;1;100
TOYOTA PREVIA 19 10;2002;1500000;;OUI;A_TOURISME_13CV_PLUS;0.40208;701720;1;100
TOYOTA PREVIA 27 09;2002;1500001;;OUI;A_TOURISME_13CV_PLUS;0.40208;701720;1;100
TOYOTA PREVIA M C;2001;1500000;;OUI;A_TOURISME_13CV_PLUS;0.40208;701720;1;100
TOYOTA PRIUS;2012;3504364;5342;;B_TOURISME_STANDARD;0.31598;1205909;1;100
TOYOTA RAV;2010;1500000;;OUI;AUTRE/EXONERE;;;1;100
TOYOTA RAV 4;1995;1500001;;OUI;B_TOURISME_STANDARD;0.31598;572570;1;100
TOYOTA RAV 4;1996;1500001;;OUI;B_TOURISME_STANDARD;0.31598;572570;1;100
TOYOTA RAV 4;2018;5583539;8511;;A_TOURISME_13CV_PLUS;0.40208;2343629;1;100
TOYOTA RAV 4;2020;16999000;25914;;A_TOURISME_13CV_PLUS;0.40208;6933558;1;100
TOYOTA RAV 4 01;2002;1500001;;OUI;B_TOURISME_STANDARD;0.31598;572570;1;100
TOYOTA RAV 4 03 01;2006;1980571;3019;;B_TOURISME_STANDARD;0.31598;724421;1;100
TOYOTA RAV 4 06 05;2004;1500001;;OUI;B_TOURISME_STANDARD;0.31598;572570;1;100
TOYOTA RAV 4 07;2005;2315991;3530;;A_TOURISME_13CV_PLUS;0.40208;1029814;1;100
TOYOTA RAV 4 07;2008;3764484;5738;;B_TOURISME_STANDARD;0.31598;1288102;1;100
TOYOTA RAV 4 07;2012;5749286;8764;;A_TOURISME_13CV_PLUS;0.40208;2410273;1;100
TOYOTA RAV 4 07;2014;6880817;10489;;A_TOURISME_13CV_PLUS;0.40208;2865239;1;100
TOYOTA RAV 4 07;2015;8963490;13664;;A_TOURISME_13CV_PLUS;0.40208;3702640;1;100
TOYOTA RAV 4 07 04;2000;1500000;;OUI;B_TOURISME_STANDARD;0.31598;572570;1;100
TOYOTA RAV 4 07 09;2009;3920900;5977;;B_TOURISME_STANDARD;0.31598;1337526;1;100
TOYOTA RAV 4 08;2004;1743995;2658;;A_TOURISME_13CV_PLUS;0.40208;799826;1;100
TOYOTA RAV 4 08;2007;3100949;4727;;B_TOURISME_STANDARD;0.31598;1078438;1;100
TOYOTA RAV 4 08;2010;4912937;7489;;A_TOURISME_13CV_PLUS;0.40208;2073994;1;100
TOYOTA RAV 4 08;2013;5995271;9139;;A_TOURISME_13CV_PLUS;0.40208;2509179;1;100
TOYOTA RAV 4 08;2015;8963491;13664;;A_TOURISME_13CV_PLUS;0.40208;3702640;1;100
TOYOTA RAV 4 09;2018;15457495;23564;;A_TOURISME_13CV_PLUS;0.40208;6313750;1;100
TOYOTA RAV 4 09;2019;18770092;28614;;A_TOURISME_13CV_PLUS;0.40208;7645679;1;100
TOYOTA RAV 4 10;2004;1500001;;OUI;B_TOURISME_STANDARD;0.31598;572570;1;100
TOYOTA RAV 4 10;2015;8963491;13664;;A_TOURISME_13CV_PLUS;0.40208;3702640;1;100
TOYOTA RAV 4 10 10;2001;1500001;;OUI;B_TOURISME_STANDARD;0.31598;572570;1;100
TOYOTA RAV 4 11;2011;3837164;5849;;A_TOURISME_13CV_PLUS;0.40208;1641447;1;100
TOYOTA RAV 4 12;2009;4070900;6205;;B_TOURISME_STANDARD;0.31598;1384923;1;100
TOYOTA RAV 4 12;2010;4912937;7489;;A_TOURISME_13CV_PLUS;0.40208;2073994;1;100
TOYOTA RAV 4 12;2011;4683351;7139;;A_TOURISME_13CV_PLUS;0.40208;1981682;1;100
TOYOTA RAV 4 12;2016;9717845;14814;;A_TOURISME_13CV_PLUS;0.40208;4005951;1;100
TOYOTA RAV 4 12 09;2011;4383352;6682;;B_TOURISME_STANDARD;0.31598;1483652;1;100
TOYOTA RAV 4 13 11;2006;2587988;3945;;B_TOURISME_STANDARD;0.31598;916352;1;100
TOYOTA RAV 4 19 01;2006;1980571;3019;;B_TOURISME_STANDARD;0.31598;724421;1;100
TOYOTA RAV 4 20 11;2015;8963491;13664;;A_TOURISME_13CV_PLUS;0.40208;3702640;1;100
TOYOTA RAV 4 23 11;2001;1500001;;OUI;B_TOURISME_STANDARD;0.31598;572570;1;100
TOYOTA RAV 4 25 09;2008;3100949;4727;;B_TOURISME_STANDARD;0.31598;1078438;1;100
TOYOTA RAV 4 29 07;2002;1500001;;OUI;B_TOURISME_STANDARD;0.31598;572570;1;100
TOYOTA RAV 4 30 09;2004;1500000;;OUI;B_TOURISME_STANDARD;0.31598;572570;1;100
TOYOTA RAV 4 ACCIDENTE;2011;1862938;2839;;A_TOURISME_13CV_PLUS;0.40208;847650;1;100
TOYOTA RAV 4 ANNEE;2013;5749286;8764;;AUTRE/EXONERE;;;1;100
TOYOTA RAV 4 MODEL AUTRES;2024;17271158;26329;;AUTRE/EXONERE;;;1;100
TOYOTA RAV4;1996;1500000;;OUI;B_TOURISME_STANDARD;0.31598;572570;1;100
TOYOTA RAV4;1997;1500003;;OUI;B_TOURISME_STANDARD;0.31598;572571;1;100
TOYOTA RAV4;2019;17786153;27114;;AUTRE/EXONERE;;;1;100
TOYOTA RAV4;2020;18770093;28614;;A_TOURISME_13CV_PLUS;0.40208;7645679;1;100
TOYOTA RAV4 01 07;2000;1500001;;OUI;B_TOURISME_STANDARD;0.31598;572570;1;100
TOYOTA RAV4 05 12;2011;4683352;7139;;A_TOURISME_13CV_PLUS;0.40208;1981682;1;100
TOYOTA RAV4 06;2013;5749286;8764;;A_TOURISME_13CV_PLUS;0.40208;2410273;1;100
TOYOTA RAV4 07;2004;1720380;2622;;A_TOURISME_13CV_PLUS;0.40208;790330;1;100
TOYOTA RAV4 07;2007;2325174;3544;;A_TOURISME_13CV_PLUS;0.40208;1033506;1;100
TOYOTA RAV4 08;2004;1500000;;OUI;B_TOURISME_STANDARD;0.31598;572570;1;100
TOYOTA RAV4 08;2006;2540760;3873;;B_TOURISME_STANDARD;0.31598;901429;1;100
TOYOTA RAV4 08 AUTRES;2025;17597070;26826;;AUTRE/EXONERE;;;1;100
TOYOTA RAV4 09;2011;4683352;7139;;A_TOURISME_13CV_PLUS;0.40208;1981682;1;100
TOYOTA RAV4 09;2015;8963491;13664;;A_TOURISME_13CV_PLUS;0.40208;3702640;1;100
TOYOTA RAV4 10;2006;2540760;3873;;B_TOURISME_STANDARD;0.31598;901429;1;100
TOYOTA RAV4 10;2013;5995272;9139;;A_TOURISME_13CV_PLUS;0.40208;2509179;1;100
TOYOTA RAV4 11 05;2005;1500001;;OUI;B_TOURISME_STANDARD;0.31598;572570;1;100
TOYOTA RAV4 11 10;1995;1500000;;OUI;B_TOURISME_STANDARD;0.31598;572570;1;100
TOYOTA RAV4 13 06;2005;1500001;;OUI;B_TOURISME_STANDARD;0.31598;572570;1;100
TOYOTA RAV4 30 05;2008;3100950;4727;;B_TOURISME_STANDARD;0.31598;1078438;1;100
TOYOTA RAV4 ACCIDENTE;2018;5158538;7863;;A_TOURISME_13CV_PLUS;0.40208;2172745;1;100
TOYOTA RAV4 AUTRES;2025;12604944;19215;;AUTRE/EXONERE;;;1;100
TOYOTA RAV4 GRV ACCIDENTE;2013;2250003;3429;;A_TOURISME_13CV_PLUS;0.40208;1003281;1;100
TOYOTA RAV4 GRV ACIDENTE;2016;3500493;5336;;A_TOURISME_13CV_PLUS;0.40208;1506078;1;100
TOYOTA RAV4 LIMITED;2006;2284506;3482;;A_TOURISME_13CV_PLUS;0.40208;1017154;1;100
TOYOTA RAV4 LIMITED;2013;1818327;2771;;A_TOURISME_13CV_PLUS;0.40208;829713;1;100
TOYOTA RAV4 M C;2004;1500000;;OUI;A_TOURISME_13CV_PLUS;0.40208;701720;1;100
TOYOTA RAV4 M C;2007;2660537;4055;;A_TOURISME_13CV_PLUS;0.40208;1168349;1;100
TOYOTA RAV4 M C;2009;3689571;5624;;A_TOURISME_13CV_PLUS;0.40208;1582103;1;100
TOYOTA RAV4 NEUF AUTRES;2024;16799026;25609;;AUTRE/EXONERE;;;1;100
TOYOTA RAV4 XLE AUTRES;2024;15299583;23323;;AUTRE/EXONERE;;;1;100
TOYOTA RAV4 XLE AUTRES;2025;12619859;19238;;AUTRE/EXONERE;;;1;100
TOYOTA SCION;2009;1823366;2779;;B_TOURISME_STANDARD;0.31598;674747;1;100
TOYOTA SCION XD;2009;2633479;4014;;B_TOURISME_STANDARD;0.31598;930727;1;100
TOYOTA SCION XD;2011;1676431;2555;;B_TOURISME_STANDARD;0.31598;628319;1;100
TOYOTA SCION XD;2013;4142184;6314;;B_TOURISME_STANDARD;0.31598;1407447;1;100
TOYOTA SEQUOIA SR5;2004;1918479;2924;;A_TOURISME_13CV_PLUS;0.40208;869982;1;100
TOYOTA SIENNA;1998;1500001;;OUI;A_TOURISME_13CV_PLUS;0.40208;701720;1;100
TOYOTA SIENNA;2000;1500000;;OUI;A_TOURISME_13CV_PLUS;0.40208;701720;1;100
TOYOTA SIENNA;2003;1500001;;OUI;A_TOURISME_13CV_PLUS;0.40208;701720;1;100
TOYOTA SIENNA;2012;4683352;7139;;A_TOURISME_13CV_PLUS;0.40208;1981682;1;100
TOYOTA SIENNA;2017;10341007;15764;;A_TOURISME_13CV_PLUS;0.40208;4256512;1;100
TOYOTA SIENNA 07;2011;4683352;7139;;A_TOURISME_13CV_PLUS;0.40208;1981682;1;100
TOYOTA SIENNA M C;2006;1690205;2576;;A_TOURISME_13CV_PLUS;0.40208;778198;1;100
TOYOTA STARLET;1993;1500001;;OUI;B_TOURISME_STANDARD;0.31598;572570;1;100
TOYOTA TACOMA;2001;1770889;2699;;C_CAMION_BUS;0.23338;511890;1;100
TOYOTA TACOMA;2003;1770890;2699;;C_CAMION_BUS;0.23338;511890;1;100
TOYOTA TACOMA;2005;1777448;2709;;C_CAMION_BUS;0.23338;513421;1;100
TOYOTA TACOMA;2007;1770891;2699;;C_CAMION_BUS;0.23338;511891;1;100
TOYOTA TACOMA;2012;2954897;4504;;C_CAMION_BUS;0.23338;788214;1;100
TOYOTA TACOMA;2014;6477404;9874;;C_CAMION_BUS;0.23338;1610297;1;100
TOYOTA TACOMA;2016;7241598;11039;;C_CAMION_BUS;0.23338;1788644;1;100
TOYOTA TACOMA PRERUNNER;2014;5309794;8094;;C_CAMION_BUS;0.23338;1337800;1;100
TOYOTA TUNDRA;2011;7946752;12114;;C_CAMION_BUS;0.23338;1953213;1;100
TOYOTA TUNDRA;2015;6487242;9889;;C_CAMION_BUS;0.23338;1612593;1;100
TOYOTA TUNDRA 07;2007;1777448;2709;;C_CAMION_BUS;0.23338;513421;1;100
TOYOTA TUNDRA 08;2007;4470164;6814;;C_CAMION_BUS;0.23338;1141847;1;100
TOYOTA TUNDRA GRADE;2011;7946753;12114;;C_CAMION_BUS;0.23338;1953213;1;100
TOYOTA TYP CAMRY ANNEE;2012;1500002;;OUI;B_TOURISME_STANDARD;0.31598;572571;1;100
TOYOTA TYPE CAMRY;2005;1500001;;OUI;A_TOURISME_13CV_PLUS;0.40208;701720;1;100
TOYOTA TYPE PRADO 24 04;2014;8365097;12752;;A_TOURISME_13CV_PLUS;0.40208;3462038;1;100
TOYOTA TYPE RAV 4;2005;1500001;;OUI;B_TOURISME_STANDARD;0.31598;572570;1;100
TOYOTA TYPE RAV 4 NEUF AUTRES;2023;18248022;27818;;AUTRE/EXONERE;;;1;100
TOYOTA TYPE RAV4;2006;2280570;3476;;A_TOURISME_13CV_PLUS;0.40208;1015572;1;100
TOYOTA TYPE RAV4;2007;2887989;4402;;A_TOURISME_13CV_PLUS;0.40208;1259803;1;100
TOYOTA URBAN CRUISER;2009;2343316;3572;;B_TOURISME_STANDARD;0.31598;839041;1;100
TOYOTA URBAN CRUISER 07 04;2010;2300679;3507;;B_TOURISME_STANDARD;0.31598;825569;1;100
TOYOTA VENSIS VERSO;2005;1500001;;OUI;B_TOURISME_STANDARD;0.31598;572570;1;100
TOYOTA VENZA;2016;8176338;12464;;A_TOURISME_13CV_PLUS;0.40208;3386142;1;100
TOYOTA VENZA 01 02;2010;3050012;4649;;A_TOURISME_13CV_PLUS;0.40208;1324949;1;100
TOYOTA VENZA 06;2009;4063468;6194;;A_TOURISME_13CV_PLUS;0.40208;1732439;1;100
TOYOTA VENZA 07;2009;4220899;6434;;A_TOURISME_13CV_PLUS;0.40208;1795739;1;100
TOYOTA VENZA 08;2010;4912938;7489;;A_TOURISME_13CV_PLUS;0.40208;2073994;1;100
TOYOTA VENZA 09;2009;4286495;6534;;A_TOURISME_13CV_PLUS;0.40208;1822114;1;100
TOYOTA VENZA 10;2009;3676453;5604;;A_TOURISME_13CV_PLUS;0.40208;1576828;1;100
TOYOTA VENZA 11;2011;4683351;7139;;A_TOURISME_13CV_PLUS;0.40208;1981682;1;100
TOYOTA VENZA ACCIDENTE;2013;1500001;;OUI;A_TOURISME_13CV_PLUS;0.40208;701720;1;100
TOYOTA VENZA BASE;2009;4220900;6434;;A_TOURISME_13CV_PLUS;0.40208;1795739;1;100
TOYOTA VENZA BASE;2011;4912938;7489;;A_TOURISME_13CV_PLUS;0.40208;2073994;1;100
TOYOTA VENZA FWD 4CYL;2011;4470165;6814;;A_TOURISME_13CV_PLUS;0.40208;1895964;1;100
TOYOTA VENZA GRAVE ACCIDENTE;2009;1563468;2383;;A_TOURISME_13CV_PLUS;0.40208;727239;1;100
TOYOTA VENZA GRAVE ACCIDENTE;2013;1850003;2820;;A_TOURISME_13CV_PLUS;0.40208;842449;1;100
TOYOTA VENZA M C;2010;4286495;6534;;A_TOURISME_13CV_PLUS;0.40208;1822114;1;100
TOYOTA VENZA M C;2011;4912937;7489;;A_TOURISME_13CV_PLUS;0.40208;2073994;1;100
TOYOTA VENZA XLE;2015;6880818;10489;;A_TOURISME_13CV_PLUS;0.40208;2865239;1;100
TOYOTA VERSO 08;2009;2651617;4042;;B_TOURISME_STANDARD;0.31598;936458;1;100
TOYOTA VERSO 16 02;2009;2392513;3647;;B_TOURISME_STANDARD;0.31598;854586;1;100
TOYOTA VERSO 24 03;2010;2651617;4042;;B_TOURISME_STANDARD;0.31598;936458;1;100
TOYOTA VERSO 30 11;2012;3891382;5932;;B_TOURISME_STANDARD;0.31598;1328199;1;100
TOYOTA VERSO BH384JK;2008;1949740;2972;;B_TOURISME_STANDARD;0.31598;714679;1;100
TOYOTA VERSO S 20 12;2011;2451550;3737;;B_TOURISME_STANDARD;0.31598;873241;1;100
TOYOTA VIOS;2013;3259918;4969;;B_TOURISME_STANDARD;0.31598;1128669;1;100
TOYOTA VITZ;2014;3736362;5695;;B_TOURISME_STANDARD;0.31598;1279216;1;100
TOYOTA YARIS;1998;1500001;;OUI;B_TOURISME_STANDARD;0.31598;572570;1;100
TOYOTA YARIS 01 10;2001;1500000;;OUI;B_TOURISME_STANDARD;0.31598;572570;1;100
TOYOTA YARIS 01 12;2006;1500000;;OUI;B_TOURISME_STANDARD;0.31598;572570;1;100
TOYOTA YARIS 02 01;2006;1500001;;OUI;B_TOURISME_STANDARD;0.31598;572570;1;100
TOYOTA YARIS 03 04;2006;1500000;;OUI;B_TOURISME_STANDARD;0.31598;572570;1;100
TOYOTA YARIS 04 01;2006;1500001;;OUI;B_TOURISME_STANDARD;0.31598;572570;1;100
TOYOTA YARIS 05 01;2009;1523366;2322;;B_TOURISME_STANDARD;0.31598;579953;1;100
TOYOTA YARIS 05 03;2004;1500000;;OUI;B_TOURISME_STANDARD;0.31598;572570;1;100
TOYOTA YARIS 06;2012;2482605;3784;;B_TOURISME_STANDARD;0.31598;883054;1;100
TOYOTA YARIS 06 12;2001;1500001;;OUI;B_TOURISME_STANDARD;0.31598;572570;1;100
TOYOTA YARIS 07;2007;1500001;;OUI;B_TOURISME_STANDARD;0.31598;572570;1;100
TOYOTA YARIS 07;2008;1823366;2779;;B_TOURISME_STANDARD;0.31598;674747;1;100
TOYOTA YARIS 07;2010;2077651;3167;;B_TOURISME_STANDARD;0.31598;755096;1;100
TOYOTA YARIS 08;2008;1823365;2779;;B_TOURISME_STANDARD;0.31598;674747;1;100
TOYOTA YARIS 08 09;2004;1500001;;OUI;B_TOURISME_STANDARD;0.31598;572570;1;100
TOYOTA YARIS 09;2007;1500001;;OUI;B_TOURISME_STANDARD;0.31598;572570;1;100
TOYOTA YARIS 09;2010;2077652;3167;;B_TOURISME_STANDARD;0.31598;755096;1;100
TOYOTA YARIS 09;2019;8466703;12907;;B_TOURISME_STANDARD;0.31598;2773909;1;100
TOYOTA YARIS 10;2006;1500001;;OUI;B_TOURISME_STANDARD;0.31598;572570;1;100
TOYOTA YARIS 10 10;2008;1523366;2322;;B_TOURISME_STANDARD;0.31598;579953;1;100
TOYOTA YARIS 11 08;2009;1808709;2757;;B_TOURISME_STANDARD;0.31598;670116;1;100
TOYOTA YARIS 11 12;2003;1500001;;OUI;B_TOURISME_STANDARD;0.31598;572570;1;100
TOYOTA YARIS 12 09;2007;1500001;;OUI;B_TOURISME_STANDARD;0.31598;572570;1;100
TOYOTA YARIS 13 03;2015;3978195;6064;;B_TOURISME_STANDARD;0.31598;1355630;1;100
TOYOTA YARIS 13 04;2000;1500001;;OUI;AUTRE/EXONERE;;;1;100
TOYOTA YARIS 13 10;2005;1500001;;OUI;B_TOURISME_STANDARD;0.31598;572570;1;100
TOYOTA YARIS 14 06;2004;1500001;;OUI;B_TOURISME_STANDARD;0.31598;572570;1;100
TOYOTA YARIS 15 03;2005;1500000;;OUI;B_TOURISME_STANDARD;0.31598;572570;1;100
TOYOTA YARIS 15 10;2009;1808708;2757;;B_TOURISME_STANDARD;0.31598;670116;1;100
TOYOTA YARIS 16 06;2009;1523366;2322;;B_TOURISME_STANDARD;0.31598;579953;1;100
TOYOTA YARIS 17 01;2003;1500001;;OUI;B_TOURISME_STANDARD;0.31598;572570;1;100
TOYOTA YARIS 17 03;2005;1500001;;OUI;B_TOURISME_STANDARD;0.31598;572570;1;100
TOYOTA YARIS 18 05;2007;1500001;;OUI;B_TOURISME_STANDARD;0.31598;572570;1;100
TOYOTA YARIS 20 03;2002;1500000;;OUI;B_TOURISME_STANDARD;0.31598;572570;1;100
TOYOTA YARIS 20 11;2007;1500001;;OUI;B_TOURISME_STANDARD;0.31598;572570;1;100
TOYOTA YARIS 21 03;2011;2077651;3167;;B_TOURISME_STANDARD;0.31598;755096;1;100
TOYOTA YARIS 23 06;2005;1500001;;OUI;B_TOURISME_STANDARD;0.31598;572570;1;100
TOYOTA YARIS 24 03;2003;1500000;;OUI;B_TOURISME_STANDARD;0.31598;572570;1;100
TOYOTA YARIS 25 07;2000;1500001;;OUI;B_TOURISME_STANDARD;0.31598;572570;1;100
TOYOTA YARIS 25 07;2006;1500001;;OUI;B_TOURISME_STANDARD;0.31598;572570;1;100
TOYOTA YARIS 25 10;2007;1500001;;OUI;B_TOURISME_STANDARD;0.31598;572570;1;100
TOYOTA YARIS 26 09;2012;2959919;4512;;B_TOURISME_STANDARD;0.31598;1033875;1;100
TOYOTA YARIS 26 11;2004;1500001;;OUI;B_TOURISME_STANDARD;0.31598;572570;1;100
TOYOTA YARIS 27 09;2002;1500001;;OUI;B_TOURISME_STANDARD;0.31598;572570;1;100
TOYOTA YARIS 27 10;2005;1500003;;OUI;B_TOURISME_STANDARD;0.31598;572571;1;100
TOYOTA YARIS 28 04;2009;1523366;2322;;B_TOURISME_STANDARD;0.31598;579953;1;100
TOYOTA YARIS 28 05;2009;1523366;2322;;B_TOURISME_STANDARD;0.31598;579953;1;100
TOYOTA YARIS 28 09;2007;1500000;;OUI;B_TOURISME_STANDARD;0.31598;572570;1;100
TOYOTA YARIS 29 09;2006;1500001;;OUI;B_TOURISME_STANDARD;0.31598;572570;1;100
TOYOTA YARIS 29 12;2004;1500000;;OUI;B_TOURISME_STANDARD;0.31598;572570;1;100
TOYOTA YARIS 29 12;2006;1500001;;OUI;B_TOURISME_STANDARD;0.31598;572570;1;100
TOYOTA YARIS 30 06;2009;1523368;2322;;B_TOURISME_STANDARD;0.31598;579954;1;100
TOYOTA YARIS 31 08;2004;1500000;;OUI;B_TOURISME_STANDARD;0.31598;572570;1;100
TOYOTA YARIS BASE;2010;2108708;3214;;B_TOURISME_STANDARD;0.31598;764910;1;100
TOYOTA YARIS BASE S;2007;1523591;2322;;B_TOURISME_STANDARD;0.31598;580024;1;100
TOYOTA YARIS BASE S;2009;1823365;2779;;B_TOURISME_STANDARD;0.31598;674747;1;100
TOYOTA YARIS GRAVE ACCIDENTE;2013;1500003;;OUI;B_TOURISME_STANDARD;0.31598;572571;1;100
TOYOTA YARIS MODEL;2007;1523592;2322;;B_TOURISME_STANDARD;0.31598;580025;1;100
TOYOTA YARIS VERSO;2004;1500001;;OUI;B_TOURISME_STANDARD;0.31598;572570;1;100
TOYOTA YARIS VERSO;2010;1808711;2757;;B_TOURISME_STANDARD;0.31598;670117;1;100
TOYOTA YARIS VERSO;2011;2077652;3167;;B_TOURISME_STANDARD;0.31598;755096;1;100
TOYOTA YARIS VERSO 07 06;2001;1500001;;OUI;B_TOURISME_STANDARD;0.31598;572570;1;100
TOYOTA YARIS VERSO 25 07;2004;1500001;;OUI;B_TOURISME_STANDARD;0.31598;572570;1;100
TOYOTA YARIS VERSO M C;1999;1500000;;OUI;B_TOURISME_STANDARD;0.31598;572570;1;100
TOYOTA YK59 FORTUNER 18 05;2015;3845812;5862;;AUTRE/EXONERE;;;1;100
TOYOYA AVENSIS;2007;2074373;3162;;B_TOURISME_STANDARD;0.31598;754060;1;100
TOYTA RAV 4;2010;4220902;6434;;A_TOURISME_13CV_PLUS;0.40208;1795740;1;100
TR ROUTIER HOWO 371 09;2017;5200001;7927;;D_TRACTEUR_ROUTIER;0.19208;1097416;1;100
TRACTEUR FORD CHARGEUSES ET CHARGEUSES P;1987;2500000;;OUI;AUTRE/EXONERE;;;1;100
TRACTEUR IVECO TRUCK;2000;5000000;7622;;AUTRE/EXONERE;;;1;100
TRACTEUR MAN TRUCK;1990;12500000;19055;;AUTRE/EXONERE;;;1;100
TRACTEUR MAN USAGE DU 25 09;2001;2500001;;OUI;D_TRACTEUR_ROUTIER;0.19208;578800;1;100
TRACTEUR RENAULT;1999;2500001;;OUI;D_TRACTEUR_ROUTIER;0.19208;578800;1;100
TRACTEUR RENAULT;2000;2500000;;OUI;D_TRACTEUR_ROUTIER;0.19208;578800;1;100
TRACTEUR RENAULT;2001;2500001;;OUI;D_TRACTEUR_ROUTIER;0.19208;578800;1;100
TRACTEUR RENAULT;2005;2500000;;OUI;D_TRACTEUR_ROUTIER;0.19208;578800;1;100
TRACTEUR RENAULT 02 07;1982;2500001;;OUI;D_TRACTEUR_ROUTIER;0.19208;578800;1;100
TRACTEUR RENAULT 03 06;2002;2500001;;OUI;D_TRACTEUR_ROUTIER;0.19208;578800;1;100
TRACTEUR RENAULT 03 08;2012;3700001;5640;;D_TRACTEUR_ROUTIER;0.19208;809296;1;100
TRACTEUR RENAULT 05 06;2001;2500001;;OUI;D_TRACTEUR_ROUTIER;0.19208;578800;1;100
TRACTEUR RENAULT 10 01;1991;2500001;;OUI;AUTRE/EXONERE;;;1;100
TRACTEUR RENAULT 10 06;2025;2500001;;OUI;D_TRACTEUR_ROUTIER;0.19208;578800;1;100
TRACTEUR RENAULT 11 03;2004;2500000;;OUI;D_TRACTEUR_ROUTIER;0.19208;578800;1;100
TRACTEUR RENAULT 11 06;1999;2500001;;OUI;D_TRACTEUR_ROUTIER;0.19208;578800;1;100
TRACTEUR RENAULT 12 05;2005;2550000;3887;;D_TRACTEUR_ROUTIER;0.19208;588404;1;100
TRACTEUR RENAULT 14 04;1999;2500001;;OUI;D_TRACTEUR_ROUTIER;0.19208;578800;1;100
TRACTEUR RENAULT 19 06;2009;3200001;4878;;C_CAMION_BUS;0.23338;845416;1;100
TRACTEUR RENAULT 21 10;2010;3300001;5030;;D_TRACTEUR_ROUTIER;0.19208;732464;1;100
TRACTEUR RENAULT 22 04;1997;2500000;;OUI;D_TRACTEUR_ROUTIER;0.19208;578800;1;100
TRACTEUR RENAULT 27 02;1998;2500001;;OUI;D_TRACTEUR_ROUTIER;0.19208;578800;1;100
TRACTEUR RENAULT 27 04;2004;2500001;;OUI;D_TRACTEUR_ROUTIER;0.19208;578800;1;100
TRACTEUR RENAULT 27 07;1987;2500001;;OUI;D_TRACTEUR_ROUTIER;0.19208;578800;1;100
TRACTEUR RENAULT 28 10;2005;3000001;4573;;D_TRACTEUR_ROUTIER;0.19208;674840;1;100
TRACTEUR RENAULT 29 05;1992;2500000;;OUI;D_TRACTEUR_ROUTIER;0.19208;578800;1;100
TRACTEUR RENAULT USAGE;1982;2500003;;OUI;D_TRACTEUR_ROUTIER;0.19208;578801;1;100
TRACTEUR RENAULT USAGE 17 07;1998;2500001;;OUI;D_TRACTEUR_ROUTIER;0.19208;578800;1;100
TRACTEUR RENAULT USAGE DU03 05;2004;2500001;;OUI;D_TRACTEUR_ROUTIER;0.19208;578800;1;100
TRACTEUR ROUTIER RENAULT 03 02;1992;2500001;;OUI;D_TRACTEUR_ROUTIER;0.19208;578800;1;100
TRACTEUR ROUTIER RENAULT 03 09;2008;2950001;4497;;D_TRACTEUR_ROUTIER;0.19208;665236;1;100
TRACTEUR ROUTIER RENAULT 14 03;1991;2500001;;OUI;D_TRACTEUR_ROUTIER;0.19208;578800;1;100
TRACTEUR SCANIA;2001;2500003;;OUI;D_TRACTEUR_ROUTIER;0.19208;578801;1;100
TRACTEUR SCANIA 11 01;1996;2500001;;OUI;D_TRACTEUR_ROUTIER;0.19208;578800;1;100
TRACTEUR SCANIA 27 05;2004;2500001;;OUI;D_TRACTEUR_ROUTIER;0.19208;578800;1;100
TRACTEUR VOLVO 10 09;1990;2626045;4003;;D_TRACTEUR_ROUTIER;0.19208;603011;1;100
TRACTOPELLE JCB3C2;1994;5919701;9024;;D_TRACTEUR_ROUTIER;0.19208;1235656;1;100
TRACTOPELLE USAGE M C 31 12 CHARGEUSES E;2008;5400001;8232;;AUTRE/EXONERE;;;1;100
TRACTOR 27 09 NEUFS;2024;22828507;34801;;AUTRE/EXONERE;;;1;100
TRACTOR HOWO SINOTRUK;2015;5000001;7622;;AUTRE/EXONERE;;;1;100
TRACTOR RENAULT;1998;2500001;;OUI;D_TRACTEUR_ROUTIER;0.19208;578800;1;100
TRACTOR RENAULT MAGNUM 385TI;1996;2500001;;OUI;D_TRACTEUR_ROUTIER;0.19208;578800;1;100
TRACTOR RENAULT V I 11GTA1 USAG S;2003;2500001;;OUI;D_TRACTEUR_ROUTIER;0.19208;578800;1;100
TRACTOR SCANIA;1995;2500000;;OUI;D_TRACTEUR_ROUTIER;0.19208;578800;1;100
TRACTOR ZZ4257W324HE1B;2016;11000000;16769;;AUTRE/EXONERE;;;1;100
TRAILER AGRICULTURAL REMORQUES ET SEMI R;2013;304433;463;;AUTRE/EXONERE;;;1;100
TRAILER AGRICULTURAL REMORQUES ET SEMI R;2021;1823558;2779;;AUTRE/EXONERE;;;1;100
TRAILER ATTACHED;2007;13100001;19970;;AUTRE/EXONERE;;;1;100
TRAILER ATTACHED AUTRES REMORQUES ET SEM;2000;2500001;;OUI;C_CAMION_BUS;0.23338;682050;1;100
TRAILER ATTACHED AUTRES REMORQUES ET SEM;2001;2500000;;OUI;C_CAMION_BUS;0.23338;682050;1;100
TRAILER ATTACHED AUTRES REMORQUES ET SEM;2002;2500000;;OUI;C_CAMION_BUS;0.23338;682050;1;100
TRAILER ATTACHED AUTRES REMORQUES ET SEM;2003;2500013;;OUI;C_CAMION_BUS;0.23338;682053;1;100
TRAILER ATTACHED AUTRES REMORQUES ET SEM;2004;2600001;3963;;AUTRE/EXONERE;;;1;100
TRAILER ATTACHED AUTRES REMORQUES ET SEM;2005;2500001;;OUI;C_CAMION_BUS;0.23338;682050;1;100
TRAILER ATTACHED AUTRES REMORQUES ET SEM;2007;2600001;3963;;C_CAMION_BUS;0.23338;705388;1;100
TRAILER ATTACHED AUTRES REMORQUES ET SEM;2011;3000001;4573;;C_CAMION_BUS;0.23338;798740;1;100
TRAILER ATTACHED FRUEHAUF AUTRES REMORQU;1990;2500001;;OUI;C_CAMION_BUS;0.23338;682050;1;100
TRAILER ATTACHED FRUEHAUF AUTRES REMORQU;1993;2500000;;OUI;C_CAMION_BUS;0.23338;682050;1;100
TRAILER ATTACHED SREM FRUEHAUF AUTRES RE;1999;2500000;;OUI;C_CAMION_BUS;0.23338;682050;1;100
TRAILER ATTACHED SREM KRONE AUTRES REMOR;2011;3200000;4878;;C_CAMION_BUS;0.23338;845416;1;100
TRAILER ATTACHED TRAILOR AUTRES REMORQUE;2000;2500000;;OUI;C_CAMION_BUS;0.23338;682050;1;100
TRAILER AUTRES;2024;9777651;14905;;AUTRE/EXONERE;;;1;100
TRAILER BRENTA SL 44 AUTRES REMORQUES ET;1997;2500000;;OUI;C_CAMION_BUS;0.23338;682050;1;100
TRAILER CHUYUAN FENC AUTRES;2024;12765422;19460;;AUTRE/EXONERE;;;1;100
TRAILER GENERAL AUTRES REMORQUES ET SEMI;1992;9000001;13720;;AUTRE/EXONERE;;;1;100
TRAILER GENERAL AUTRES REMORQUES ET SEMI;1996;2500001;;OUI;C_CAMION_BUS;0.23338;682050;1;100
TRAILER GENERAL AUTRES REMORQUES ET SEMI;1997;2500000;;OUI;C_CAMION_BUS;0.23338;682050;1;100
TRAILER GENERAL FRUEHAUF AUTRES REMORQUE;1982;2800000;4268;;C_CAMION_BUS;0.23338;752064;1;100
TRAILER GENERAL SREM SAMRO AUTRES REMORQ;2002;2500001;;OUI;C_CAMION_BUS;0.23338;682050;1;100
TRAILER KRONE AUTRES REMORQUES ET SEMI R;1997;2500002;;OUI;AUTRE/EXONERE;;;1;100
TRAILER LOOSE;2005;2500000;;OUI;C_CAMION_BUS;0.23338;682050;1;100
TRAILER LOOSE AUTRES REMORQUES ET SEMI R;1980;2500000;;OUI;C_CAMION_BUS;0.23338;682050;1;100
TRAILER LOOSE AUTRES REMORQUES ET SEMI R;1990;2500000;;OUI;C_CAMION_BUS;0.23338;682050;1;100
TRAILER LOOSE AUTRES REMORQUES ET SEMI R;1992;2500000;;OUI;C_CAMION_BUS;0.23338;682050;1;100
TRAILER LOOSE AUTRES REMORQUES ET SEMI R;1996;2500000;;OUI;C_CAMION_BUS;0.23338;682050;1;100
TRAILER LOOSE AUTRES REMORQUES ET SEMI R;2002;2500000;;OUI;C_CAMION_BUS;0.23338;682050;1;100
TRAILER LOOSE AUTRES REMORQUES ET SEMI R;2003;2500000;;OUI;C_CAMION_BUS;0.23338;682050;1;100
TRAILER LOOSE AUTRES REMORQUES ET SEMI R;2006;2700000;4115;;C_CAMION_BUS;0.23338;728726;1;100
TRAILER LOOSE AUTRES REMORQUES ET SEMI R;2010;3100001;4725;;C_CAMION_BUS;0.23338;822078;1;100
TRAILER LOOSE AUTRES REMORQUES ET SEMI R;2012;2500001;;OUI;C_CAMION_BUS;0.23338;682050;1;100
TRAILER LOOSE FRUEHAUF AUTRES REMORQUES ;1998;2500001;;OUI;C_CAMION_BUS;0.23338;682050;1;100
TRAILER LOOSE SEMI TRAILER AUTRES REMORQ;2008;2500001;;OUI;C_CAMION_BUS;0.23338;682050;1;100
TRAILER XINWANRONG MEDEL D UNE CAPACITE ;2024;10938015;16674;;AUTRE/EXONERE;;;1;100
TRAILLER ATTACHED;1996;7500001;11433;;AUTRE/EXONERE;;;1;100
TRAILLER ATTACHED AUTRES REMORQUES ET SE;2007;11850003;18065;;AUTRE/EXONERE;;;1;100
TRR AGRICOLE MASSEY FERGUSON;1985;1311915;1999;;AUTRE/EXONERE;;;1;100
TRR CAR SAIC HONGYAN;2013;2500001;;OUI;D_TRACTEUR_ROUTIER;0.19208;578800;1;100
TRR RENAULT;1999;2500001;;OUI;D_TRACTEUR_ROUTIER;0.19208;578800;1;100
TRR RENAULT PREMIUM;1998;2500001;;OUI;D_TRACTEUR_ROUTIER;0.19208;578800;1;100
TRR RENAULT TRUCK 22 01;1998;2500001;;OUI;D_TRACTEUR_ROUTIER;0.19208;578800;1;100
TRR RENAULT USAGE 03 01;1994;2500001;;OUI;D_TRACTEUR_ROUTIER;0.19208;578800;1;100
TRR SCANIA;1989;2500001;;OUI;D_TRACTEUR_ROUTIER;0.19208;578800;1;100
TRR SCANIA TRUCK;1991;2500001;;OUI;D_TRACTEUR_ROUTIER;0.19208;578800;1;100
TRUCK CRANE 19 09 CAMIONS GRUES;2024;28985391;44187;;AUTRE/EXONERE;;;1;100
TRUCK GENERAL;1980;2500001;;OUI;D_TRACTEUR_ROUTIER;0.19208;578800;1;100
TRUCK HEAD RENAULT 480;2000;2500000;;OUI;D_TRACTEUR_ROUTIER;0.19208;578800;1;100
TRUCK HEAD RENAULT 480;2001;2500000;;OUI;D_TRACTEUR_ROUTIER;0.19208;578800;1;100
TRUCK IVECO 115 USAG S;1987;2500001;;OUI;D_TRACTEUR_ROUTIER;0.19208;578800;1;100
TRUCK RENAULT;1994;2500003;;OUI;C_CAMION_BUS;0.23338;682051;1;100
TRUCK RENAULT V I 11GZA1 41;1996;2500001;;OUI;D_TRACTEUR_ROUTIER;0.19208;578800;1;100
TRUCK RENAULT V I 22GVA1;2003;2500001;;OUI;D_TRACTEUR_ROUTIER;0.19208;578800;1;100
TRUCK SCANIA;1985;2500001;;OUI;C_CAMION_BUS;0.23338;682050;1;100
TRUCK SCANIA CV R 93 HL;1996;2500001;;OUI;C_CAMION_BUS;0.23338;682050;1;100
TRUCK SCANIA R 143;1994;2500001;;OUI;D_TRACTEUR_ROUTIER;0.19208;578800;1;100
TRUCK VOLVO FL611;1989;2500001;;OUI;D_TRACTEUR_ROUTIER;0.19208;578800;1;100
TURBO S HOET AUTRES REMORQUES ET SEMI RE;2007;2700001;4115;;C_CAMION_BUS;0.23338;728726;1;100
UNIC TRCUK;1994;7500001;11433;;AUTRE/EXONERE;;;1;100
UNIC TRUCK;1986;2500001;;OUI;D_TRACTEUR_ROUTIER;0.19208;578800;1;100
USED DUMP TRUCK;2018;13396243;20422;;C_CAMION_BUS;0.23338;3225015;1;100
USED DUMP TRUCK HOWO WD615 95E;2008;99416000;151558;;AUTRE/EXONERE;;;1;100
USED EXCA CATERPILLAR AUTRES;2012;1013573;1544;;AUTRE/EXONERE;;;1;100
USED LOADER L955 AUTRES;2021;83180000;126806;;AUTRE/EXONERE;;;1;100
USED WHEEL LOADER AUTRES;2010;32883336;50130;;AUTRE/EXONERE;;;1;100
VIN LAND ROV AUTRES;2026;42306119;64495;;AUTRE/EXONERE;;;1;100
VOLKSWAGEN BEETLE;2006;1500001;;OUI;B_TOURISME_STANDARD;0.31598;572570;1;100
VOLKSWAGEN CADDY;2008;1500001;;OUI;C_CAMION_BUS;0.23338;448670;1;100
VOLKSWAGEN CCS;2010;2197256;3349;;B_TOURISME_STANDARD;0.31598;792889;1;100
VOLKSWAGEN GOLF;1995;1500001;;OUI;B_TOURISME_STANDARD;0.31598;572570;1;100
VOLKSWAGEN GOLF;1997;1500000;;OUI;B_TOURISME_STANDARD;0.31598;572570;1;100
VOLKSWAGEN GOLF;1998;1500000;;OUI;B_TOURISME_STANDARD;0.31598;572570;1;100
VOLKSWAGEN GOLF;2004;1500001;;OUI;B_TOURISME_STANDARD;0.31598;572570;1;100
VOLKSWAGEN GOLF;2006;1500001;;OUI;B_TOURISME_STANDARD;0.31598;572570;1;100
VOLKSWAGEN GOLF 31 08;2001;1500001;;OUI;B_TOURISME_STANDARD;0.31598;572570;1;100
VOLKSWAGEN GOLF PLUS;2007;1903166;2901;;B_TOURISME_STANDARD;0.31598;699962;1;100
VOLKSWAGEN JETTA;2021;20213205;30814;;B_TOURISME_STANDARD;0.31598;6485569;1;100
VOLKSWAGEN LT 35;1984;1500000;;OUI;C_CAMION_BUS;0.23338;448670;1;100
VOLKSWAGEN LT 35;1988;1500000;;OUI;C_CAMION_BUS;0.23338;448670;1;100
VOLKSWAGEN LT 35;1993;2500001;;OUI;C_CAMION_BUS;0.23338;682050;1;100
VOLKSWAGEN LT 35;2011;1500001;;OUI;C_CAMION_BUS;0.23338;448670;1;100
VOLKSWAGEN PASSAT;1989;1500001;;OUI;B_TOURISME_STANDARD;0.31598;572570;1;100
VOLKSWAGEN PASSAT;2009;2199005;3352;;B_TOURISME_STANDARD;0.31598;793442;1;100
VOLKSWAGEN PASSAT 01 10;1996;1500001;;OUI;B_TOURISME_STANDARD;0.31598;572570;1;100
VOLKSWAGEN PASSAT 12 04;1996;1500001;;OUI;B_TOURISME_STANDARD;0.31598;572570;1;100
VOLKSWAGEN PASSAT M C 28 02;1996;1500000;;OUI;B_TOURISME_STANDARD;0.31598;572570;1;100
VOLKSWAGEN POLO;2000;1500001;;OUI;B_TOURISME_STANDARD;0.31598;572570;1;100
VOLKSWAGEN POLO;2008;1628320;2482;;B_TOURISME_STANDARD;0.31598;613117;1;100
VOLKSWAGEN TIGUAN;2008;2966478;4522;;B_TOURISME_STANDARD;0.31598;1035948;1;100
VOLKSWAGEN TIGUAN;2020;5454496;8315;;B_TOURISME_STANDARD;0.31598;1822112;1;100
VOLKSWAGEN TOUAREG;2005;1808709;2757;;A_TOURISME_13CV_PLUS;0.40208;825846;1;100
VOLKSWAGEN TOUAREG;2006;2563063;3907;;A_TOURISME_13CV_PLUS;0.40208;1129156;1;100
VOLKSWAGEN TOUAREG;2013;9849037;15014;;A_TOURISME_13CV_PLUS;0.40208;4058701;1;100
VOLKSWAGEN TOURAN;2007;1790342;2729;;B_TOURISME_STANDARD;0.31598;664312;1;100
VOLKSWAGEN TOURAN 22 03;2004;1500001;;OUI;B_TOURISME_STANDARD;0.31598;572570;1;100
VOLKSWAGEN TRANSPORTER;2004;1500001;;OUI;AUTRE/EXONERE;;;1;100
VOLKSWAGEN TRANSPORTER;2010;1500000;;OUI;C_CAMION_BUS;0.23338;448670;1;100
VOLKSWAGEN TRANSPORTER T4;1992;1500000;;OUI;C_CAMION_BUS;0.23338;448670;1;100
VOLKSWAGEN TRANSPORTER T4 USAGES;1999;1500001;;OUI;C_CAMION_BUS;0.23338;448670;1;100
VOLKSWAGEN TRANSPORTER USAGES;1991;1500000;;OUI;C_CAMION_BUS;0.23338;448670;1;100
VOLKSWAGEN TRANSPORTER USAGES;1994;1500001;;OUI;C_CAMION_BUS;0.23338;448670;1;100
VOLKSWAGEN TRANSPORTER USAGES;1997;1500001;;OUI;C_CAMION_BUS;0.23338;448670;1;100
VOLKSWAGEN TRANSPORTER USAGES;2000;1500001;;OUI;C_CAMION_BUS;0.23338;448670;1;100
VOLKSWAGON GOLF;1999;1500001;;OUI;B_TOURISME_STANDARD;0.31598;572570;1;100
VOLKWAGEN GOLF;2001;1500001;;OUI;B_TOURISME_STANDARD;0.31598;572570;1;100
VOLKWAGEN PASSAT;1996;1500000;;OUI;B_TOURISME_STANDARD;0.31598;572570;1;100
VOLVO 240;1988;1500001;;OUI;B_TOURISME_STANDARD;0.31598;572570;1;100
VOLVO EUROPA TRUCK FL612;1997;2500001;;OUI;C_CAMION_BUS;0.23338;682050;1;100
VOLVO F10;1988;2500000;;OUI;D_TRACTEUR_ROUTIER;0.19208;578800;1;100
VOLVO F6;1980;2500001;;OUI;C_CAMION_BUS;0.23338;682050;1;100
VOLVO F612;1985;2500001;;OUI;D_TRACTEUR_ROUTIER;0.19208;578800;1;100
VOLVO FL 16;1992;2500000;;OUI;C_CAMION_BUS;0.23338;682050;1;100
VOLVO FL10;1991;2500001;;OUI;C_CAMION_BUS;0.23338;682050;1;100
VOLVO FL6;1989;2000001;3048;;C_CAMION_BUS;0.23338;565360;1;100
VOLVO FL6;1999;2500000;;OUI;C_CAMION_BUS;0.23338;682050;1;100
VOLVO FL6;2000;2500000;;OUI;C_CAMION_BUS;0.23338;682050;1;100
VOLVO FL614;1988;2500003;;OUI;D_TRACTEUR_ROUTIER;0.19208;578801;1;100
VOLVO FL614;1989;2500000;;OUI;C_CAMION_BUS;0.23338;682050;1;100
VOLVO S40;2004;1500000;;OUI;B_TOURISME_STANDARD;0.31598;572570;1;100
VOLVO S40 27 01;2005;1500001;;OUI;B_TOURISME_STANDARD;0.31598;572570;1;100
VOLVO S60;2004;1500001;;OUI;B_TOURISME_STANDARD;0.31598;572570;1;100
VOLVO TRUCK;1989;2500000;;OUI;D_TRACTEUR_ROUTIER;0.19208;578800;1;100
VOLVO TRUCK;1992;2500003;;OUI;D_TRACTEUR_ROUTIER;0.19208;578801;1;100
VOLVO TRUCK;1995;2500001;;OUI;C_CAMION_BUS;0.23338;682050;1;100
VOLVO TRUCK;1999;5000000;7622;;AUTRE/EXONERE;;;1;100
VOLVO TRUCK FL 6 11;1997;5000000;7622;;AUTRE/EXONERE;;;1;100
VOLVO TRUCK TYP FL619 USAG S;1996;2500001;;OUI;D_TRACTEUR_ROUTIER;0.19208;578800;1;100
VOLVO TRUCK USAG S;1996;2500001;;OUI;D_TRACTEUR_ROUTIER;0.19208;578800;1;100
VOLVO V50;2007;1500000;;OUI;B_TOURISME_STANDARD;0.31598;572570;1;100
VOLVO XC60;2010;3615878;5512;;B_TOURISME_STANDARD;0.31598;1241145;1;100
VOLVO XC90;2003;1500001;;OUI;A_TOURISME_13CV_PLUS;0.40208;701720;1;100
VW GOLF;2000;1500001;;OUI;B_TOURISME_STANDARD;0.31598;572570;1;100
VW GOLF;2005;1500003;;OUI;B_TOURISME_STANDARD;0.31598;572571;1;100
VW GOLF;2007;2021240;3081;;B_TOURISME_STANDARD;0.31598;737271;1;100
VW LT 35;2001;1500003;;OUI;C_CAMION_BUS;0.23338;448671;1;100
VW PASSAT;2007;1677519;2557;;B_TOURISME_STANDARD;0.31598;628662;1;100
VW PASSAT 11 03;1996;1500001;;OUI;B_TOURISME_STANDARD;0.31598;572570;1;100
VW PASSAT 18 08;1994;1500001;;OUI;B_TOURISME_STANDARD;0.31598;572570;1;100
VW SCIROCCO;2009;2779530;4237;;B_TOURISME_STANDARD;0.31598;976876;1;100
VW T4;1991;1500001;;OUI;C_CAMION_BUS;0.23338;448670;1;100
VW T4;1997;1500001;;OUI;C_CAMION_BUS;0.23338;448670;1;100
VW T4 TRANSPORTER;1995;1500000;;OUI;C_CAMION_BUS;0.23338;448670;1;100
VW T4 TRANSPORTER;2002;1500001;;OUI;C_CAMION_BUS;0.23338;448670;1;100
VW T4 TRANSPORTER 01 10;1997;1500001;;OUI;C_CAMION_BUS;0.23338;448670;1;100
VW T4 TRANSPORTER 07 12;1994;1500001;;OUI;C_CAMION_BUS;0.23338;448670;1;100
VW T4 TRANSPORTER USAGES;1994;1500001;;OUI;C_CAMION_BUS;0.23338;448670;1;100
VW TIGUAN;2008;2956641;4507;;B_TOURISME_STANDARD;0.31598;1032839;1;100
VW TIGUAN 22 09;2010;5022913;7657;;B_TOURISME_STANDARD;0.31598;1685740;1;100
VW TIGUAN GRAVE ACCIDENTE;2012;2219620;3383;;B_TOURISME_STANDARD;0.31598;799956;1;100
VW TRANSPORTER;1994;1500001;;OUI;C_CAMION_BUS;0.23338;448670;1;100
VW TRANSPORTER;2005;2500003;;OUI;C_CAMION_BUS;0.23338;682051;1;100
VW TRANSPORTER 25 06;1992;1500001;;OUI;C_CAMION_BUS;0.23338;448670;1;100
WHEEL LOADER MODEL ZL50GN CHARGEUSES ET ;2024;96290699;146794;;AUTRE/EXONERE;;;1;100
WHEEL LOADER SDLG CHARGEUSES ET CHARGEUS;2023;31989399;48767;;AUTRE/EXONERE;;;1;100
XP303 PNEUMATIC ROLLER COMPACTEUSES ET R;2020;31556803;48107;;AUTRE/EXONERE;;;1;100
YUTONG BUS USAGES;2013;21424866;32661;;C_CAMION_BUS;0.23338;5098735;1;100
YUTONG DIESEL BUS;2011;11140630;16983;;C_CAMION_BUS;0.23338;2698600;1;100
